# Host: localhost  (Version: 5.6.21-log)
# Date: 2016-05-12 17:03:05
# Generator: MySQL-Front 5.3  (Build 4.13)

/*!40101 SET NAMES utf8 */;

#
# Source for table "itcast_department"
#

DROP TABLE IF EXISTS `itcast_department`;
CREATE TABLE `itcast_department` (
  `id` bigint(20) NOT NULL AUTO_INCREMENT,
  `name` varchar(255) DEFAULT NULL,
  `description` varchar(255) DEFAULT NULL,
  `parentId` bigint(20) DEFAULT NULL,
  PRIMARY KEY (`id`),
  KEY `FKB56F87C7729C9286` (`parentId`),
  CONSTRAINT `FKB56F87C7729C9286` FOREIGN KEY (`parentId`) REFERENCES `itcast_department` (`id`)
) ENGINE=InnoDB AUTO_INCREMENT=6 DEFAULT CHARSET=utf8;

#
# Data for table "itcast_department"
#

INSERT INTO `itcast_department` VALUES (1,'开发部','产品的研发',NULL),(2,'销售部','产品的销售',NULL),(3,'市场部','市场的分析',NULL),(4,'人事部','人力资源的管理',NULL),(5,'财务部','公司财务的管理',NULL);

#
# Source for table "itcast_privilege"
#

DROP TABLE IF EXISTS `itcast_privilege`;
CREATE TABLE `itcast_privilege` (
  `id` bigint(20) NOT NULL AUTO_INCREMENT,
  `url` varchar(255) DEFAULT NULL,
  `name` varchar(255) DEFAULT NULL,
  `icon` varchar(255) DEFAULT NULL,
  `parentId` bigint(20) DEFAULT NULL,
  PRIMARY KEY (`id`),
  KEY `FK2A54CF9CE7D51427` (`parentId`),
  CONSTRAINT `FK2A54CF9CE7D51427` FOREIGN KEY (`parentId`) REFERENCES `itcast_privilege` (`id`)
) ENGINE=InnoDB AUTO_INCREMENT=34 DEFAULT CHARSET=utf8;

#
# Data for table "itcast_privilege"
#

INSERT INTO `itcast_privilege` VALUES (1,NULL,'系统管理','FUNC20082.gif',NULL),(2,'role_list','岗位管理',NULL,1),(3,'department_list','部门管理',NULL,1),(4,'user_list','用户管理',NULL,1),(5,'role_list','岗位列表',NULL,2),(6,'role_delete','岗位删除',NULL,2),(7,'role_add','岗位添加',NULL,2),(8,'role_edit','岗位修改',NULL,2),(9,'department_list','部门列表',NULL,3),(10,'department_delete','部门删除',NULL,3),(11,'department_add','部门添加',NULL,3),(12,'department_edit','部门修改',NULL,3),(13,'user_list','用户列表',NULL,4),(14,'user_delete','用户删除',NULL,4),(15,'user_add','用户添加',NULL,4),(16,'user_edit','用户修改',NULL,4),(17,'user_initPassword','用户初始化密码',NULL,4),(18,NULL,'网上交流','FUNC20064.gif',NULL),(19,'forumManage_list','论坛管理',NULL,18),(20,'forum_list','论坛',NULL,18),(21,NULL,'审批流转','FUNC20057.gif',NULL),(22,'processDefinition_list','审批流程管理',NULL,21),(23,'template_list','申请模板管理',NULL,21),(24,'flow_templateList','起草申请',NULL,21),(25,'flow_myTaskList','等我审批',NULL,21),(26,'flow_myApplicationList','我的申请查询',NULL,21),(27,NULL,'模拟食堂','FUNC20064.gif',NULL),(28,'canteen_findalluser','员工进入',NULL,27),(29,'canteen_showcount','数据统计',NULL,27),(30,NULL,'信息统计','FUNC20064.gif',NULL),(31,'info_sex','性别统计',NULL,30),(32,'info_age','年龄统计',NULL,30),(33,'info_degree','学历统计',NULL,30);

#
# Source for table "itcast_role"
#

DROP TABLE IF EXISTS `itcast_role`;
CREATE TABLE `itcast_role` (
  `id` bigint(20) NOT NULL AUTO_INCREMENT,
  `name` varchar(255) DEFAULT NULL,
  `description` varchar(255) DEFAULT NULL,
  PRIMARY KEY (`id`)
) ENGINE=InnoDB AUTO_INCREMENT=6 DEFAULT CHARSET=utf8;

#
# Data for table "itcast_role"
#

INSERT INTO `itcast_role` VALUES (2,'超级管理员','系统最高级的管理员'),(3,'CEO','公司的CEO'),(4,'部门经理','某个部门的管理员'),(5,'企业员工','企业某个部门的员工');

#
# Source for table "itcast_role_privilege"
#

DROP TABLE IF EXISTS `itcast_role_privilege`;
CREATE TABLE `itcast_role_privilege` (
  `roleId` bigint(20) NOT NULL,
  `privilegeId` bigint(20) NOT NULL,
  PRIMARY KEY (`privilegeId`,`roleId`),
  KEY `FK350BD81DB0E19C6E` (`privilegeId`),
  KEY `FK350BD81DBB0AE3B6` (`roleId`),
  CONSTRAINT `FK350BD81DB0E19C6E` FOREIGN KEY (`privilegeId`) REFERENCES `itcast_privilege` (`id`),
  CONSTRAINT `FK350BD81DBB0AE3B6` FOREIGN KEY (`roleId`) REFERENCES `itcast_role` (`id`)
) ENGINE=InnoDB DEFAULT CHARSET=utf8;

#
# Data for table "itcast_role_privilege"
#

INSERT INTO `itcast_role_privilege` VALUES (2,1),(2,2),(2,3),(2,4),(2,5),(2,6),(2,7),(2,8),(2,9),(2,10),(2,11),(2,12),(2,13),(2,14),(2,15),(2,16),(2,17),(2,18),(2,19),(2,20),(2,21),(2,22),(2,23),(2,24),(2,25),(2,26);

#
# Source for table "itcast_template"
#

DROP TABLE IF EXISTS `itcast_template`;
CREATE TABLE `itcast_template` (
  `id` bigint(20) NOT NULL AUTO_INCREMENT,
  `name` varchar(255) DEFAULT NULL,
  `processKey` varchar(255) DEFAULT NULL,
  `path` varchar(255) DEFAULT NULL,
  PRIMARY KEY (`id`)
) ENGINE=InnoDB DEFAULT CHARSET=utf8;

#
# Data for table "itcast_template"
#


#
# Source for table "itcast_user"
#

DROP TABLE IF EXISTS `itcast_user`;
CREATE TABLE `itcast_user` (
  `id` bigint(20) NOT NULL AUTO_INCREMENT,
  `loginName` varchar(255) DEFAULT NULL,
  `password` varchar(255) DEFAULT NULL,
  `name` varchar(255) DEFAULT NULL,
  `gender` varchar(255) DEFAULT NULL,
  `phoneNumber` varchar(255) DEFAULT NULL,
  `email` varchar(255) DEFAULT NULL,
  `description` varchar(255) DEFAULT NULL,
  `departmentId` bigint(20) DEFAULT NULL,
  `age` bigint(20) DEFAULT NULL,
  `degree` varchar(255) DEFAULT NULL,
  PRIMARY KEY (`id`),
  KEY `FK4ADEC00F49BC32E` (`departmentId`),
  CONSTRAINT `FK4ADEC00F49BC32E` FOREIGN KEY (`departmentId`) REFERENCES `itcast_department` (`id`)
) ENGINE=InnoDB AUTO_INCREMENT=3 DEFAULT CHARSET=utf8;

#
# Data for table "itcast_user"
#

INSERT INTO `itcast_user` VALUES (1,'admin','21232f297a57a5a743894a0e4a801fc3','何焕春','男','13092785280','hhc950311@163.com','',1,21,'硕士'),(2,'hhc','81dc9bdb52d04dc20036dbd8313ed055','hhc','女','13092785280','hhc950311@163.com','',2,35,'本科');

#
# Source for table "itcast_reply"
#

DROP TABLE IF EXISTS `itcast_reply`;
CREATE TABLE `itcast_reply` (
  `id` bigint(20) NOT NULL AUTO_INCREMENT,
  `title` varchar(255) DEFAULT NULL,
  `content` longtext,
  `faceIcon` varchar(255) DEFAULT NULL,
  `postTime` datetime DEFAULT NULL,
  `ipAddr` varchar(255) DEFAULT NULL,
  `authorId` bigint(20) DEFAULT NULL,
  `topicId` bigint(20) DEFAULT NULL,
  `deleted` bit(1) DEFAULT NULL,
  PRIMARY KEY (`id`),
  KEY `FK90DF19551074626A` (`topicId`),
  KEY `FK90DF1955479FFEE0` (`authorId`),
  CONSTRAINT `FK90DF19551074626A` FOREIGN KEY (`topicId`) REFERENCES `itcast_topic` (`id`),
  CONSTRAINT `FK90DF1955479FFEE0` FOREIGN KEY (`authorId`) REFERENCES `itcast_user` (`id`)
) ENGINE=InnoDB DEFAULT CHARSET=utf8;

#
# Data for table "itcast_reply"
#


#
# Source for table "itcast_forum"
#

DROP TABLE IF EXISTS `itcast_forum`;
CREATE TABLE `itcast_forum` (
  `id` bigint(20) NOT NULL AUTO_INCREMENT,
  `name` varchar(255) DEFAULT NULL,
  `description` varchar(255) DEFAULT NULL,
  `position` int(11) DEFAULT NULL,
  `topicCount` int(11) DEFAULT NULL,
  `articleCount` int(11) DEFAULT NULL,
  `lastTopicId` bigint(20) DEFAULT NULL,
  PRIMARY KEY (`id`),
  UNIQUE KEY `lastTopicId` (`lastTopicId`),
  KEY `FK903A938C1D89DB14` (`lastTopicId`),
  CONSTRAINT `FK903A938C1D89DB14` FOREIGN KEY (`lastTopicId`) REFERENCES `itcast_topic` (`id`)
) ENGINE=InnoDB AUTO_INCREMENT=101 DEFAULT CHARSET=utf8;

#
# Data for table "itcast_forum"
#

INSERT INTO `itcast_forum` VALUES (100,'幽默笑话','幽默笑话',100,672,148716,615);

#
# Source for table "itcast_topic"
#

DROP TABLE IF EXISTS `itcast_topic`;
CREATE TABLE `itcast_topic` (
  `id` bigint(20) NOT NULL AUTO_INCREMENT,
  `ipAddr` varchar(255) DEFAULT NULL,
  `content` longtext,
  `postTime` datetime DEFAULT NULL,
  `authorId` bigint(20) DEFAULT NULL,
  `title` varchar(255) DEFAULT NULL,
  `type` int(11) DEFAULT NULL,
  `replyCount` int(11) DEFAULT NULL,
  `lastUpdateTime` datetime DEFAULT NULL,
  `forumId` bigint(20) DEFAULT NULL,
  `lastReplyId` bigint(20) DEFAULT NULL,
  PRIMARY KEY (`id`),
  UNIQUE KEY `lastReplyId` (`lastReplyId`),
  KEY `FK90FFD39AA28DE3CA` (`lastReplyId`),
  KEY `FK90FFD39A479FFEE0` (`authorId`),
  KEY `FK90FFD39A2B39ADCE` (`forumId`),
  CONSTRAINT `FK90FFD39A2B39ADCE` FOREIGN KEY (`forumId`) REFERENCES `itcast_forum` (`id`),
  CONSTRAINT `FK90FFD39A479FFEE0` FOREIGN KEY (`authorId`) REFERENCES `itcast_user` (`id`),
  CONSTRAINT `FK90FFD39AA28DE3CA` FOREIGN KEY (`lastReplyId`) REFERENCES `itcast_reply` (`id`)
) ENGINE=InnoDB DEFAULT CHARSET=utf8;

#
# Data for table "itcast_topic"
#


#
# Source for table "itcast_application"
#

DROP TABLE IF EXISTS `itcast_application`;
CREATE TABLE `itcast_application` (
  `id` bigint(20) NOT NULL AUTO_INCREMENT,
  `title` varchar(255) DEFAULT NULL,
  `applyTime` datetime DEFAULT NULL,
  `path` varchar(255) DEFAULT NULL,
  `status` varchar(255) DEFAULT NULL,
  `templateId` bigint(20) DEFAULT NULL,
  `applicantId` bigint(20) DEFAULT NULL,
  PRIMARY KEY (`id`),
  KEY `FK35EB4F7B41035B3E` (`templateId`),
  KEY `FK35EB4F7B4ED67A97` (`applicantId`),
  CONSTRAINT `FK35EB4F7B41035B3E` FOREIGN KEY (`templateId`) REFERENCES `itcast_template` (`id`),
  CONSTRAINT `FK35EB4F7B4ED67A97` FOREIGN KEY (`applicantId`) REFERENCES `itcast_user` (`id`)
) ENGINE=InnoDB DEFAULT CHARSET=utf8;

#
# Data for table "itcast_application"
#


#
# Source for table "itcast_approveinfo"
#

DROP TABLE IF EXISTS `itcast_approveinfo`;
CREATE TABLE `itcast_approveinfo` (
  `id` bigint(20) NOT NULL AUTO_INCREMENT,
  `approveTime` datetime DEFAULT NULL,
  `approval` bit(1) DEFAULT NULL,
  `comment` varchar(255) DEFAULT NULL,
  `applicationId` bigint(20) DEFAULT NULL,
  `approverId` bigint(20) DEFAULT NULL,
  PRIMARY KEY (`id`),
  KEY `FK328B7C666B0C5AC` (`applicationId`),
  KEY `FK328B7C6251BDD9A` (`approverId`),
  CONSTRAINT `FK328B7C6251BDD9A` FOREIGN KEY (`approverId`) REFERENCES `itcast_user` (`id`),
  CONSTRAINT `FK328B7C666B0C5AC` FOREIGN KEY (`applicationId`) REFERENCES `itcast_application` (`id`)
) ENGINE=InnoDB DEFAULT CHARSET=utf8;

#
# Data for table "itcast_approveinfo"
#


#
# Source for table "canteen"
#

DROP TABLE IF EXISTS `canteen`;
CREATE TABLE `canteen` (
  `Id` int(11) NOT NULL AUTO_INCREMENT,
  `intime` datetime DEFAULT NULL COMMENT '进入食堂的时间',
  `outtime` datetime DEFAULT NULL COMMENT '走出食堂时间',
  `user_id` bigint(20) NOT NULL DEFAULT '0',
  PRIMARY KEY (`Id`),
  UNIQUE KEY `user_id` (`user_id`),
  KEY `FK20D35AAAE96FF509` (`user_id`),
  CONSTRAINT `FK20D35AAAE96FF509` FOREIGN KEY (`user_id`) REFERENCES `itcast_user` (`id`)
) ENGINE=InnoDB AUTO_INCREMENT=4 DEFAULT CHARSET=utf8 COMMENT='食堂模拟数据';

#
# Data for table "canteen"
#

INSERT INTO `canteen` VALUES (1,NULL,NULL,1),(3,NULL,NULL,2);

#
# Source for table "itcast_user_role"
#

DROP TABLE IF EXISTS `itcast_user_role`;
CREATE TABLE `itcast_user_role` (
  `userId` bigint(20) NOT NULL,
  `roleId` bigint(20) NOT NULL,
  PRIMARY KEY (`roleId`,`userId`),
  KEY `FK9C95CD55BB0AE3B6` (`roleId`),
  KEY `FK9C95CD55C0603920` (`userId`),
  CONSTRAINT `FK9C95CD55BB0AE3B6` FOREIGN KEY (`roleId`) REFERENCES `itcast_role` (`id`),
  CONSTRAINT `FK9C95CD55C0603920` FOREIGN KEY (`userId`) REFERENCES `itcast_user` (`id`)
) ENGINE=InnoDB DEFAULT CHARSET=utf8;

#
# Data for table "itcast_user_role"
#

INSERT INTO `itcast_user_role` VALUES (1,2),(1,5),(2,5);

#
# Source for table "jbpm4_deployment"
#

DROP TABLE IF EXISTS `jbpm4_deployment`;
CREATE TABLE `jbpm4_deployment` (
  `DBID_` bigint(20) NOT NULL,
  `NAME_` longtext,
  `TIMESTAMP_` bigint(20) DEFAULT NULL,
  `STATE_` varchar(255) DEFAULT NULL,
  PRIMARY KEY (`DBID_`)
) ENGINE=InnoDB DEFAULT CHARSET=utf8;

#
# Data for table "jbpm4_deployment"
#

INSERT INTO `jbpm4_deployment` VALUES (10001,NULL,0,'active'),(10008,NULL,0,'active');

#
# Source for table "jbpm4_deployprop"
#

DROP TABLE IF EXISTS `jbpm4_deployprop`;
CREATE TABLE `jbpm4_deployprop` (
  `DBID_` bigint(20) NOT NULL,
  `DEPLOYMENT_` bigint(20) DEFAULT NULL,
  `OBJNAME_` varchar(255) DEFAULT NULL,
  `KEY_` varchar(255) DEFAULT NULL,
  `STRINGVAL_` varchar(255) DEFAULT NULL,
  `LONGVAL_` bigint(20) DEFAULT NULL,
  PRIMARY KEY (`DBID_`),
  KEY `FK_DEPLPROP_DEPL` (`DEPLOYMENT_`),
  KEY `IDX_DEPLPROP_DEPL` (`DEPLOYMENT_`),
  CONSTRAINT `FK_DEPLPROP_DEPL` FOREIGN KEY (`DEPLOYMENT_`) REFERENCES `jbpm4_deployment` (`DBID_`)
) ENGINE=InnoDB DEFAULT CHARSET=utf8;

#
# Data for table "jbpm4_deployprop"
#

INSERT INTO `jbpm4_deployprop` VALUES (10004,10001,'helloworld','langid','jpdl-4.4',NULL),(10005,10001,'helloworld','pdid','helloworld-1',NULL),(10006,10001,'helloworld','pdkey','helloworld',NULL),(10007,10001,'helloworld','pdversion',NULL,1),(10011,10008,'helloworld','langid','jpdl-4.4',NULL),(10012,10008,'helloworld','pdid','helloworld-2',NULL),(10013,10008,'helloworld','pdkey','helloworld',NULL),(10014,10008,'helloworld','pdversion',NULL,2);

#
# Source for table "jbpm4_execution"
#

DROP TABLE IF EXISTS `jbpm4_execution`;
CREATE TABLE `jbpm4_execution` (
  `DBID_` bigint(20) NOT NULL,
  `CLASS_` varchar(255) NOT NULL,
  `DBVERSION_` int(11) NOT NULL,
  `ACTIVITYNAME_` varchar(255) DEFAULT NULL,
  `PROCDEFID_` varchar(255) DEFAULT NULL,
  `HASVARS_` bit(1) DEFAULT NULL,
  `NAME_` varchar(255) DEFAULT NULL,
  `KEY_` varchar(255) DEFAULT NULL,
  `ID_` varchar(255) DEFAULT NULL,
  `STATE_` varchar(255) DEFAULT NULL,
  `SUSPHISTSTATE_` varchar(255) DEFAULT NULL,
  `PRIORITY_` int(11) DEFAULT NULL,
  `HISACTINST_` bigint(20) DEFAULT NULL,
  `PARENT_` bigint(20) DEFAULT NULL,
  `INSTANCE_` bigint(20) DEFAULT NULL,
  `SUPEREXEC_` bigint(20) DEFAULT NULL,
  `SUBPROCINST_` bigint(20) DEFAULT NULL,
  `PARENT_IDX_` int(11) DEFAULT NULL,
  PRIMARY KEY (`DBID_`),
  UNIQUE KEY `ID_` (`ID_`),
  KEY `FK_EXEC_SUBPI` (`SUBPROCINST_`),
  KEY `FK_EXEC_INSTANCE` (`INSTANCE_`),
  KEY `FK_EXEC_SUPEREXEC` (`SUPEREXEC_`),
  KEY `FK_EXEC_PARENT` (`PARENT_`),
  KEY `IDX_EXEC_SUBPI` (`SUBPROCINST_`),
  KEY `IDX_EXEC_PARENT` (`PARENT_`),
  KEY `IDX_EXEC_SUPEREXEC` (`SUPEREXEC_`),
  KEY `IDX_EXEC_INSTANCE` (`INSTANCE_`),
  CONSTRAINT `FK_EXEC_INSTANCE` FOREIGN KEY (`INSTANCE_`) REFERENCES `jbpm4_execution` (`DBID_`),
  CONSTRAINT `FK_EXEC_PARENT` FOREIGN KEY (`PARENT_`) REFERENCES `jbpm4_execution` (`DBID_`),
  CONSTRAINT `FK_EXEC_SUBPI` FOREIGN KEY (`SUBPROCINST_`) REFERENCES `jbpm4_execution` (`DBID_`),
  CONSTRAINT `FK_EXEC_SUPEREXEC` FOREIGN KEY (`SUPEREXEC_`) REFERENCES `jbpm4_execution` (`DBID_`)
) ENGINE=InnoDB DEFAULT CHARSET=utf8;

#
# Data for table "jbpm4_execution"
#


#
# Source for table "jbpm4_hist_procinst"
#

DROP TABLE IF EXISTS `jbpm4_hist_procinst`;
CREATE TABLE `jbpm4_hist_procinst` (
  `DBID_` bigint(20) NOT NULL,
  `DBVERSION_` int(11) NOT NULL,
  `ID_` varchar(255) DEFAULT NULL,
  `PROCDEFID_` varchar(255) DEFAULT NULL,
  `KEY_` varchar(255) DEFAULT NULL,
  `START_` datetime DEFAULT NULL,
  `END_` datetime DEFAULT NULL,
  `DURATION_` bigint(20) DEFAULT NULL,
  `STATE_` varchar(255) DEFAULT NULL,
  `ENDACTIVITY_` varchar(255) DEFAULT NULL,
  `NEXTIDX_` int(11) DEFAULT NULL,
  PRIMARY KEY (`DBID_`)
) ENGINE=InnoDB DEFAULT CHARSET=utf8;

#
# Data for table "jbpm4_hist_procinst"
#


#
# Source for table "jbpm4_hist_task"
#

DROP TABLE IF EXISTS `jbpm4_hist_task`;
CREATE TABLE `jbpm4_hist_task` (
  `DBID_` bigint(20) NOT NULL,
  `DBVERSION_` int(11) NOT NULL,
  `EXECUTION_` varchar(255) DEFAULT NULL,
  `OUTCOME_` varchar(255) DEFAULT NULL,
  `ASSIGNEE_` varchar(255) DEFAULT NULL,
  `PRIORITY_` int(11) DEFAULT NULL,
  `STATE_` varchar(255) DEFAULT NULL,
  `CREATE_` datetime DEFAULT NULL,
  `END_` datetime DEFAULT NULL,
  `DURATION_` bigint(20) DEFAULT NULL,
  `NEXTIDX_` int(11) DEFAULT NULL,
  `SUPERTASK_` bigint(20) DEFAULT NULL,
  PRIMARY KEY (`DBID_`),
  KEY `FK_HSUPERT_SUB` (`SUPERTASK_`),
  KEY `IDX_HSUPERT_SUB` (`SUPERTASK_`),
  CONSTRAINT `FK_HSUPERT_SUB` FOREIGN KEY (`SUPERTASK_`) REFERENCES `jbpm4_hist_task` (`DBID_`)
) ENGINE=InnoDB DEFAULT CHARSET=utf8;

#
# Data for table "jbpm4_hist_task"
#


#
# Source for table "jbpm4_hist_actinst"
#

DROP TABLE IF EXISTS `jbpm4_hist_actinst`;
CREATE TABLE `jbpm4_hist_actinst` (
  `DBID_` bigint(20) NOT NULL,
  `CLASS_` varchar(255) NOT NULL,
  `DBVERSION_` int(11) NOT NULL,
  `HPROCI_` bigint(20) DEFAULT NULL,
  `TYPE_` varchar(255) DEFAULT NULL,
  `EXECUTION_` varchar(255) DEFAULT NULL,
  `ACTIVITY_NAME_` varchar(255) DEFAULT NULL,
  `START_` datetime DEFAULT NULL,
  `END_` datetime DEFAULT NULL,
  `DURATION_` bigint(20) DEFAULT NULL,
  `TRANSITION_` varchar(255) DEFAULT NULL,
  `NEXTIDX_` int(11) DEFAULT NULL,
  `HTASK_` bigint(20) DEFAULT NULL,
  PRIMARY KEY (`DBID_`),
  KEY `FK_HACTI_HPROCI` (`HPROCI_`),
  KEY `FK_HTI_HTASK` (`HTASK_`),
  KEY `IDX_HTI_HTASK` (`HTASK_`),
  KEY `IDX_HACTI_HPROCI` (`HPROCI_`),
  CONSTRAINT `FK_HACTI_HPROCI` FOREIGN KEY (`HPROCI_`) REFERENCES `jbpm4_hist_procinst` (`DBID_`),
  CONSTRAINT `FK_HTI_HTASK` FOREIGN KEY (`HTASK_`) REFERENCES `jbpm4_hist_task` (`DBID_`)
) ENGINE=InnoDB DEFAULT CHARSET=utf8;

#
# Data for table "jbpm4_hist_actinst"
#


#
# Source for table "jbpm4_hist_var"
#

DROP TABLE IF EXISTS `jbpm4_hist_var`;
CREATE TABLE `jbpm4_hist_var` (
  `DBID_` bigint(20) NOT NULL,
  `DBVERSION_` int(11) NOT NULL,
  `PROCINSTID_` varchar(255) DEFAULT NULL,
  `EXECUTIONID_` varchar(255) DEFAULT NULL,
  `VARNAME_` varchar(255) DEFAULT NULL,
  `VALUE_` varchar(255) DEFAULT NULL,
  `HPROCI_` bigint(20) DEFAULT NULL,
  `HTASK_` bigint(20) DEFAULT NULL,
  PRIMARY KEY (`DBID_`),
  KEY `FK_HVAR_HPROCI` (`HPROCI_`),
  KEY `FK_HVAR_HTASK` (`HTASK_`),
  KEY `IDX_HVAR_HTASK` (`HTASK_`),
  KEY `IDX_HVAR_HPROCI` (`HPROCI_`),
  CONSTRAINT `FK_HVAR_HPROCI` FOREIGN KEY (`HPROCI_`) REFERENCES `jbpm4_hist_procinst` (`DBID_`),
  CONSTRAINT `FK_HVAR_HTASK` FOREIGN KEY (`HTASK_`) REFERENCES `jbpm4_hist_task` (`DBID_`)
) ENGINE=InnoDB DEFAULT CHARSET=utf8;

#
# Data for table "jbpm4_hist_var"
#


#
# Source for table "jbpm4_hist_detail"
#

DROP TABLE IF EXISTS `jbpm4_hist_detail`;
CREATE TABLE `jbpm4_hist_detail` (
  `DBID_` bigint(20) NOT NULL,
  `CLASS_` varchar(255) NOT NULL,
  `DBVERSION_` int(11) NOT NULL,
  `USERID_` varchar(255) DEFAULT NULL,
  `TIME_` datetime DEFAULT NULL,
  `HPROCI_` bigint(20) DEFAULT NULL,
  `HPROCIIDX_` int(11) DEFAULT NULL,
  `HACTI_` bigint(20) DEFAULT NULL,
  `HACTIIDX_` int(11) DEFAULT NULL,
  `HTASK_` bigint(20) DEFAULT NULL,
  `HTASKIDX_` int(11) DEFAULT NULL,
  `HVAR_` bigint(20) DEFAULT NULL,
  `HVARIDX_` int(11) DEFAULT NULL,
  `MESSAGE_` longtext,
  `OLD_STR_` varchar(255) DEFAULT NULL,
  `NEW_STR_` varchar(255) DEFAULT NULL,
  `OLD_INT_` int(11) DEFAULT NULL,
  `NEW_INT_` int(11) DEFAULT NULL,
  `OLD_TIME_` datetime DEFAULT NULL,
  `NEW_TIME_` datetime DEFAULT NULL,
  `PARENT_` bigint(20) DEFAULT NULL,
  `PARENT_IDX_` int(11) DEFAULT NULL,
  PRIMARY KEY (`DBID_`),
  KEY `FK_HDETAIL_HVAR` (`HVAR_`),
  KEY `FK_HDETAIL_HPROCI` (`HPROCI_`),
  KEY `FK_HDETAIL_HTASK` (`HTASK_`),
  KEY `FK_HDETAIL_HACTI` (`HACTI_`),
  KEY `IDX_HDET_HVAR` (`HVAR_`),
  KEY `IDX_HDET_HACTI` (`HACTI_`),
  KEY `IDX_HDET_HTASK` (`HTASK_`),
  KEY `IDX_HDET_HPROCI` (`HPROCI_`),
  CONSTRAINT `FK_HDETAIL_HACTI` FOREIGN KEY (`HACTI_`) REFERENCES `jbpm4_hist_actinst` (`DBID_`),
  CONSTRAINT `FK_HDETAIL_HPROCI` FOREIGN KEY (`HPROCI_`) REFERENCES `jbpm4_hist_procinst` (`DBID_`),
  CONSTRAINT `FK_HDETAIL_HTASK` FOREIGN KEY (`HTASK_`) REFERENCES `jbpm4_hist_task` (`DBID_`),
  CONSTRAINT `FK_HDETAIL_HVAR` FOREIGN KEY (`HVAR_`) REFERENCES `jbpm4_hist_var` (`DBID_`)
) ENGINE=InnoDB DEFAULT CHARSET=utf8;

#
# Data for table "jbpm4_hist_detail"
#


#
# Source for table "jbpm4_id_group"
#

DROP TABLE IF EXISTS `jbpm4_id_group`;
CREATE TABLE `jbpm4_id_group` (
  `DBID_` bigint(20) NOT NULL,
  `DBVERSION_` int(11) NOT NULL,
  `ID_` varchar(255) DEFAULT NULL,
  `NAME_` varchar(255) DEFAULT NULL,
  `TYPE_` varchar(255) DEFAULT NULL,
  `PARENT_` bigint(20) DEFAULT NULL,
  PRIMARY KEY (`DBID_`),
  KEY `FK_GROUP_PARENT` (`PARENT_`),
  KEY `IDX_GROUP_PARENT` (`PARENT_`),
  CONSTRAINT `FK_GROUP_PARENT` FOREIGN KEY (`PARENT_`) REFERENCES `jbpm4_id_group` (`DBID_`)
) ENGINE=InnoDB DEFAULT CHARSET=utf8;

#
# Data for table "jbpm4_id_group"
#


#
# Source for table "jbpm4_id_user"
#

DROP TABLE IF EXISTS `jbpm4_id_user`;
CREATE TABLE `jbpm4_id_user` (
  `DBID_` bigint(20) NOT NULL,
  `DBVERSION_` int(11) NOT NULL,
  `ID_` varchar(255) DEFAULT NULL,
  `PASSWORD_` varchar(255) DEFAULT NULL,
  `GIVENNAME_` varchar(255) DEFAULT NULL,
  `FAMILYNAME_` varchar(255) DEFAULT NULL,
  `BUSINESSEMAIL_` varchar(255) DEFAULT NULL,
  PRIMARY KEY (`DBID_`)
) ENGINE=InnoDB DEFAULT CHARSET=utf8;

#
# Data for table "jbpm4_id_user"
#


#
# Source for table "jbpm4_id_membership"
#

DROP TABLE IF EXISTS `jbpm4_id_membership`;
CREATE TABLE `jbpm4_id_membership` (
  `DBID_` bigint(20) NOT NULL,
  `DBVERSION_` int(11) NOT NULL,
  `USER_` bigint(20) DEFAULT NULL,
  `GROUP_` bigint(20) DEFAULT NULL,
  `NAME_` varchar(255) DEFAULT NULL,
  PRIMARY KEY (`DBID_`),
  KEY `FK_MEM_GROUP` (`GROUP_`),
  KEY `FK_MEM_USER` (`USER_`),
  KEY `IDX_MEM_GROUP` (`GROUP_`),
  KEY `IDX_MEM_USER` (`USER_`),
  CONSTRAINT `FK_MEM_GROUP` FOREIGN KEY (`GROUP_`) REFERENCES `jbpm4_id_group` (`DBID_`),
  CONSTRAINT `FK_MEM_USER` FOREIGN KEY (`USER_`) REFERENCES `jbpm4_id_user` (`DBID_`)
) ENGINE=InnoDB DEFAULT CHARSET=utf8;

#
# Data for table "jbpm4_id_membership"
#


#
# Source for table "jbpm4_lob"
#

DROP TABLE IF EXISTS `jbpm4_lob`;
CREATE TABLE `jbpm4_lob` (
  `DBID_` bigint(20) NOT NULL,
  `DBVERSION_` int(11) NOT NULL,
  `BLOB_VALUE_` longblob,
  `DEPLOYMENT_` bigint(20) DEFAULT NULL,
  `NAME_` longtext,
  PRIMARY KEY (`DBID_`),
  KEY `FK_LOB_DEPLOYMENT` (`DEPLOYMENT_`),
  KEY `IDX_LOB_DEPLOYMENT` (`DEPLOYMENT_`),
  CONSTRAINT `FK_LOB_DEPLOYMENT` FOREIGN KEY (`DEPLOYMENT_`) REFERENCES `jbpm4_deployment` (`DBID_`)
) ENGINE=InnoDB DEFAULT CHARSET=utf8;

#
# Data for table "jbpm4_lob"
#

INSERT INTO `jbpm4_lob` VALUES (10002,0,X'89504E470D0A1A0A0000000D494844520000025D0000018A0802000000B93363760000229149444154789CEDDD2D74AB4A1B86E123B7AC8CDCB2B2B232B2B232B2323232128944229148241289448E44229191E78569139A0021DD909974EEEBCB9A8F9D103ACD592B4F1F7E92FF0E0000E0CB7FA62700008045C84500004EC84500004EC84500004EC84500004EC84500004EC84500004EC84500004EC84500004EC84500004EC84500004EC84500004EC84500004EC84500004EC84500004EC84500004EC84500004EC845C3EABA3ED4CDA85D2E9B9E2000B8855C3443022FCD432FDAECFCD7CDFEEF66B77ADF3DBD37E34AFEB9F55EFCE823C98263400200EE835CBC37C9B920DE4AF249046EFD573FDA48FEE52AAD6A55D64551A671E64B28CA0A12961FDE7318EFAAAAFC0C4800C0C2C8C53BAA0F71EA49E07D782F128D6595D787B23E5443A3AAF230DE4A34CA53A2D4AB2BA2110016472EDE89449A54C3CDFEAF24621B7B65D58E539683F8439EE885EF55590976AB02C072C8C57BA8AA721FBC6DFDD75CC5E31D7168CC8A78E7BFEE8375592AA2110096432E2E4E9AA284A2445A7550B736C5EE72552BD9CEAE89C69268048085908BCBD2BB4FA5297EE5DCCD4DB13B4AB24A6B3CED500500CC8D5C5C908462947A9BFDDFEC73F7E90F9B6277392B62D96094EC3F5B23006056E4E2822417B7EDA9A7FFDE14BBA3BECC43A9427291335401605EE4E262EA43107F7C78CFFAB0A28C553B5E2ED703F78F2C7FEC9F251D9552442300CC8B5C5C8A2E8B7EFCD12459ADE61D83F6BA4655A8B22CC945009811B9B808C9AA38F3DF77ABA24CCB3A2FEBE2EBF62FCBA75BAE92CD6E15A77EA938371500E6442E2E4272D10BDFB7FEABAA7255E732967AAC3AE3E53DDDFB2F1E559D47659B5246BD7053144555B22B150066432E2E423A5C9B5BEF4595496554325669713696DFEE51BDCBE5B735BBF7CBC63FBCE7222FA432F2117100301772717E4D4655F566BF0A937D2E9156A67D6372764F3170FFD01826BBCDFE6F9EE79FBB52010073201717D05C815FBDEF5671EE4BCE652A963157C97139FBB67C7DEC3EF7B89CE4C1FBEE29CF72CE4A058019918BF36BEA62938B4F925E4D987D8EC9E4E564CAFA691149F46659A67391536F006016E4E2FC9A5C2C9BBE9816611B8D51678C6F5C1E1A752E3E35B958D017016036E4E2FCBEFAE22AC9FD4ECE9DBAE3F86DCA3A72D3D781D01701605EE4E202EA435996FAAB16F37F08C5F1E520D96EDA5C6C2ED5A02F02C04CC8C5F9E9BEF8E13D7BE17B73A6CC32B77DF8B6F55EE88B00302F72717EFAF8E2E7F585A74B2F7E36A6438F4A284A34727C1100E6452ECE4F5FBFD87CC3D46E95A9B8BD183F9B77CC552C1B971F21B9C847C101C08CC8C505B4D72F4A5C495FF4A30FD584D9F183DCE659F6A38D6C3C4DD23CE7FA45009813B9B80849A9B22C9B6FBDD83FEB4FFAAE3A9FFA5DF57D14F84D379DB8599A359F03C7171403C07CC8C545E8438C4551345F3515355F35D5C4E1D717459D2FD7329EEE2F7BD7D1CBCD9A85FE5AC73449F4C145BE6A0A0066442E2EE36B576A98EC3EF67FB3226EBF52B81C18D5F4FB65539BFDDF28D9A7692A655129C5878603C08CC8C5A5E85DA9D2E7BCF07DE7BF4AD53BC65BDD89BA9B962529B7FEAB176E92B62CEA2F9962272A00CC885C5C8A3E2B55FA9CB4BA5DB0DE076F6DFFABDA90FBC928B9281B919B0EC5D33769D01501603EE4E282F45146A98C799E49344A6BECEE50BDA929662A96A6D886629CA69FA7A17264110066472E2E4B2AE35734E6CD95FEED87C3DDDA14E5299BFD5F3FDC2471D28462D6094562110066452E2E4C9F8053964551483486C96EEBBD7CEC9F25EA54958D374555E5FAD4D30FEF254AF671DC34C5D339A89C6E03000B201797D746E3B1354AB635D7357A2F5201B7FE4B107D24995F94A9BE0C4316922CF0A38F9DFFBAD9AD244465E5A4A58F297E364542110096412EDEC5576B94682CF242124ED2314E3D3FDC6CDB807CDF3DBDEF567ADCEC250E5FBDF03D4EFDA62336BB4E53421100EE835CBC9FE6586355A9E614D5A638E659D31D85744109BFE48B5EFE8CC326109B0FB511CDD9A7651B898422002C865CBC2BFD155465D31C9B238E12783A20B33E794B35D7EE2B7D9D22A108004B2317EF4D679B3EE2A8035275159FFFAFEF2F5B9F3B4E094400581EB96848FD79E17FA5B575507F02B85E3EA22302C03D918BE6E92ED83F0200EE8B5C0400E0C4B95CF43CEFB8D035BEF2940D5EBD7FCAD6000066399D8BBD778E1BD9E0D04313B79324C9BFFC5E00805938948B67B1341E54BDA9D9BBA929BD73683BD31F0500DCC703E7E2CF8264BC2F0E6D796485F1043D4CEE8BE42200D8C0C55C1CEF8BC747C7EF19EF8B573BE85CBF0E00605E8F9A8BBDC56BCA9ECC89E174753FEAF465FA22003C9047CDC5C3F0BECDA180E9D6BEAB5935632E5EDDDAF8FD00807B7228177B571B59796485ABFB510F1759385E16AF4E1B00701FE4E2BF66D5C47A3A717D0080590F9C8B878BE3852309D75DE7F03D14C7B77C759B57B770A02F02C0E378EC5CBCC9D0DECEEE9D43D135126953728EBE08008FC2A15CB41CB908003620176D412E02800DC8455B908B00600372D116E42200D8805CB405B908003620176D412E02800DC8455B908B00600372D116E42200D8805CB405B908003620176D412E02800DC8455B908B00600372D116E42200D8805CB405B908003620176D412E02800DC8455B908B00600372D116E42200D8805C34CCBB100481E9490180BBC845C3E238EE8662DC323D29007017B968982A553717A330524A999E1400B88B5C342F088263590CC3D0F47400C069E4A279455E1C7331CF73D3D30100A7918B56F07D5F9F71531F6AD3730100A7918B56489244725146D3130100D7918BB6905CAC6BCA220018462E020070422E020070422E020070422E020070422E020070422E020070422E7E8A73E525F9DA4FE4F6DF36D4B73F5F0BBF78F9D54FE4B68BB330535C260200AEE76255D7FB387FDA457FB6511B18AE8F1F51A6CACAF47F160030C6E95C9486B4DAC5BA36BD78B1F4C5A428D3A2ACAAA638E98BEC7FFD28BFAFFCD6415ABC7E15650948F95BE147AF28003C3C7773711767BA21BD054D149A9E8E15A4296EC24C47E37B9056EC5705E01E4773711B49283687D924138D3736DB46F933A1DDB1DC1C7A9CFA8202C06FE1622E4699923E24EFFB59519A9E8BA55459AFDA63AEEC5005E01AE772B1AC2A7D4CB139FDD27433B379CC54A92BB52C4C796101E077702E1777712EA1F81EA6A627F200BCA479ADD67E6A7A2200703F6EE5A274217DE95EAE9A136D8C7732CBC7AA6AF6A61E5F2E0070815BB918E7CD91C535A7934CD69EA0144971343D1100B813B77251DEE5A5FDF809E7A04E1D93A2D417775E7B6901E097702B17A5294AFB49390D75B2AAAEE5155BED22D31301803B712B17FFEE9B3351555919EF610F34EAB352475F5700F83DDCCA45FD492EB57EBFC7344FEDA702999E0500DC8973B9A8DFE267EF55EBF55A2FAFBFEB5D7FE8FE29EB5CDE3F656BFF321E5F3400708173B9287D71892DEB70EA2E9CDD396E6483430F4DDCCEBFFB435F04E012B772F1CF027DF12C96C6FB62F79EDE474782F3D66639635FE4F8220077B8958BA6FA62EF3FC75718D9CEF14EFA2200CCCEB95C5CEEF8E2785F3C3E3A7ECF785FBCDA4139BE0800FFC8B95C5CA22F5EED6A53DAE4C8A3BDCBF4450058825BB9B8D0F1C5EE78E9A6E38BB32C737C11007ECCAD5CBCDBF1C591EA36B2C2F87ED4B31F74B9FE5CBFCB19FA2200A738978B77B87EF1D049ACDEF5A774BBF1E776C73BF4457211803B9CCBC545FB6237148756BBBA4E7783235B38D0170160016EE5E21DAE5FBC3CB3B4BBCED0736FED8B1C5F048085B8958BCBF5C55F8CBE08C029CEE5E242C7177FF1C8F145004E712B1757BB48DA8F2A2BD3137924FACBB94CCF0200EEC4AD5C7CF513798BCF5469430F7B94515EB127BE97188033DCCAC54D984A5F0CB3C2F4441E46AE2A79C59EF7B1E98900C09DB8958B415A48FB9174B4A1873DC4E825B9BC62DB28BBF6D202C02FE1562EAAB2693F7FB66159D5A6E7F2185EBC585EB12457A627020077E2562E8AB720391620E36DCCF231CC9A7ABDDA45FC1101C01DCEE5625156CD8924DB28579C953AA6AA6B7D266A9829D3730180FB712E17C54794C9DBBDBCE9EB0B366C6866B68D5555AFDB73775FFD84B208C0292EE662FD75C1C68B17175CCB78419AE2DA4FBB7F3A00803B5CCCC543BB37F5C54BF49579415A1C4CF7337BC62857AB5DA45F994C95935F5100F8251CCDC5431B039B30D39F98FABC8FBD2477F988A3F442F9FB409F7DDA36E984A608C04DEEE6A29614E5737B7689FED6087DFAE571B97BFF6F5D7EF6E2EEFDABB640734C1180B35CCF452DCED536CAF4A7A7EA06E9DAF8B48B3EA22CCA148908C071E422000027E422000027E422000027E422000027B6E4A2E779FFB8C2711DEF42EF9A5356BB691AC7872E1700008FC2702EF6E6D350565D8DBDCB1C3A7BF4F259BD19D65D67FA0CAFE6E24D010C0030C27C5FBC8C96A180E94D9491341A597F62C20D6D64646B132770294992911F0400B88F9973F16765A8374E2686D34894F696B3F1E89DF8E3C61F1A8FF3A12DD02301C00686737164E7E4ADB9D84DC1A1DD9B97ED704A2E0E4D7228F0BABFC250300FFD220000B3E6CCC5A1B4F841581E7E54E07AFBD9D03A232137D2F0AEC6E761206BAFFE2EE42200D860D9BE389E10C787CEC269BCCC0DFDC4EE73A7B4BA912DDFDA172FFF397DE357EF0700DC9315B978B6FC835C9C128197DBFC41764EA995E422003C2E4B7371CA0EC9A19F78359646B26D649B237DF1EC5943BFC5F8EF422E02800D66CEC5435FF08CBFE35F26CD659CCCD2177B677253A59BF8D0C82F32B2057211006C307F2EDEAAB72F8EACD3BD7328EAAE16BBF17586B63C7126670139F4CF295B0600DC99F95C84462E02800DC8455B908B00600372D116E42200D8805CB405B908003620176D412E02800DC8455B908B00600372D116E42200D8805CB405B908003620176D412E02800DC8455B908B00600372D116E42200D8805CB405B908003620176D412E02800DC8455B908B00600372D116E42200D8805C34ECF26B208320303D29007017B968581CC7DD508C5BA6270500EE22170D53A5EAE66214464A29D393020077918BE60541702C8B61189A9E0E00388D5C34AFC88B632EE6796E7A3A00E03472D10ABEEFEB336EEA436D7A2E00E03472D10A4992482ECA687A2200E03A72D116928B754D590400C3C84500004EC84500004EC84500004EC84500004EC84500004EC84500004EC8C54F71AEBC245FFB89DCFEDB86FAF6E76BE1172FBFFA89DC767116668ACB4400C0F55CACEA7A1FE74FBBE8CF366A03C3F5F123CA545999FECF0200C6389D8BD29056BB58D7A6172F96BE9814655A9455D514277D91FDAF1FE5F795DF3A488BD7AFA22C01297F2BFCE815058087E76E2EEEE24C37A4B7A08942D3D3B18234C54D98E9687C0FD28AFDAA00DCE3682E6E2309C5E6309B64A2F1C666DB287F26B43B969B438F535F5000F82D5CCCC52853D287E47D3F2B4AD373B1942AEB557BCC951DAA005CE35C2E9655A58F2936A75F9A6E66368F992A75A59685292F2C00FC0ECEE5E22ECE2514DFC3D4F4441E809734AFD5DA4F4D4F0400EEC7AD5C942EA42FDDCB5573A28DF14E66F95855CDDED4E3CB05002E702B17E3BC39B2B8E67492C9DA139422298EA627020077E2562ECABBBCB41F3FE11CD4A9635294FAE2CE6B2F2D00FC126EE5A23445693F29A7A14E56D5B5BC62AB5D647A220070276EE5E2DF7D7326AA2A2BE33DEC81467D56EAE8EB0A00BF875BB9A83FC9A5D6EFF798E6A9FD5420D3B300803B712E17F55BFC78435AAFD7E3EBC80A579B965E677DA177CD4B539ADCC83C8F5B38AE33719B97E3F14503001738978BD217871EEDCDA7B348EBAEDCFB94B3152E9FD2FBB3CE56E85DF3A6198E6FF36CB3E3FED01701B8C4AD5CFC73AD2F761BD8318A0E7D0DACB7AB8DB4B491F57B13AEB79BAE473BDFE5D67A677253333E7CFE3111FEF36B0F008FC1AD5C1CEF8B5A374E2EFF79E82B82E3CF3D0C97B391F5A7FFB8F187467E91F12D1CD1170138C5B95C1CE98B233B272F7BE494C636D4412F7FD6C8B1C0B39E3734C9B35975B7D99DD5E1477D915C04E00EE772F16A5F3CF383BE38F4C491757A43AEF7C70D3D74B9DAD9047AA74D5F0480336EE5E294E38B434DB1B7FF8D1F5FEC8DBDDEF5AF1E831C9AE1E5968FFF9C723EEAC4BEC8F14500EE702B17AFF6C591C2375EBCCE9E72D6F9869ED5DD666F59BC7CE2F4BE3865DAF4450038E35C2EFEE07CD4F5D7F1B9E97DF1ECD8DED0B3CE1AE42C7DF1EC5943BF05C71701A09773B978B52F9E25CD596B3CCCD4172F5718DAF2D51F37FED0C82F32BE8523FA2200A7B8958BFF72FD62EF3A97E7B24E39C7754AFFBBBAE5893339AE7379FF313239BE0800476EE5E20FCE47057D1180539CCBC5299F8FCAC8F14500CE722B1757BB48DA8F2A2BD3137924FACBB94CCF0200EEC4AD5C7CF513798BCF5469430F7B94515EB127BE97188033DCCAC54D984A5F0CB3C2F4441E46AE2A79C59EF7B1E98900C09DB8958B415A48FB9174B4A1873DC4E825B9BC62DB28BBF6D202C02FE1562EAAB2693F7FB66159D5A6E7F2185EBC585EB12457A627020077E2562E8AB720391620E36DCCF231CC9A7ABDDA45FC1101C01DCEE5625156CD8924DB28579C953AA6AA6B7D266A9829D3730180FB712E17C54794C9DBBDBCE9EB0B366C6866B68D5555AFDB73775FFD84B208C0292EE662FD75C1C68B17175CCB78419AE2DA4FBB7F3A00803B5CCCC543BB37F5C54BF49579415A1C4CF7337BC62857AB5DA45F994C95935F5100F8251CCDC5431B039B30D39F98FABC8FBD2477F988A3F442F9FB409F7DDA36E984A608C04DEEE6A29614E5737B7689FED6087DFAE571B97BFF6F5D7EF6E2EEFDABB640734C1180B35CCF452DCED536CAF4A7A7EA06E9DAF8B48B3EA22CCA148908C071E422000027E422000027E422000027E4220000278F948B9EE7F52E9FDDE95DE85D73CA6AE373187AE8720100F0281E29170F9DE41B7974E89EDE14ECCDB0EE3ABD09DA9BA65773F1A600060018F130B9F8EFB1D4BD73E2A6863632B2B58913B89424C9C80F0200DC87815CFC59611ACF98DE85DE7236145D13B370CA43670B97ADF1D62D0300EEE6F7E4623705877AE4653B9C928B43557528F0BAC571289827FE8200803BBB772E0E25CAD554989E4CE351D44DACA14D8D34BCABF17918C8DAA1675DBD1F00704FE6FBE2788ADCBAD9DED89BF2D3C7D7194FE5CB7F4EDFF8D5FB0100F7F448B938D2C6A644E0E58FFB41764EA995E422003CAEC7C8C5A144BC7C4A6F6F1B5A61649DCBA78CF4C5DE591D579892D623F70300EEC9CC751A97E1349E0A2301D30DA1ABB5AF3747877EDCC84CC61F3A4B447211001E88995CBCC9D09ECF9180B95AECC6D719D9FED09DDDF52F277C75B3435B0600DCD903E4A223C84500B001B9680B7211006C402EDA825C04001B908BB6201701C006E4A22DC84500B001B9680B7211006C402EDA825C04001B908BB6201701C006E4A22DC84500B001B9680B7211006C402EDA825C04001B908BB6201701C006E4A22DC84500B001B9680B7211006C402EDA825C04001B908B865D7E0D641004A6270500EE22170D8BE3B81B8A71CBF4A400C05DE4A261AA54DD5C8CC24829657A5200E02E72D1BC20088E65310C43D3D30100A7918BE6157971CCC53CCF4D4F07009C462E5AC1F77D7DC64D7DA84DCF05009C462E5A214912C945194D4F04005C472EDA4272B1AE298B006018B90800C009B90800C009B90800C009B90800C009B90800C009B90800C009B9F829CE9597E46B3F91DB7FDB50DFFE7C2DFCE2E5573F91DB2ECEC24C71990800B89E8B555DEFE3FC6917FDD9466D60B83E7E44992A2BD3FF5900C018A773511AD26A17EBDAF4E2C5D21793A24C8BB2AA9AE2A42FB2FFF5A3FCBEF25B0769F1FA55942520E56F851FBDA200F0F0DCCDC55D9CE986F4163451687A3A5690A6B809331D8DEF415AB15F15807B1CCDC56D24A1D81C66934C34DED86C1BE5CF8476C77273E871EA0B0A00BF858BB918654AFA90BCEF6745697A2E965265BD6A8FB9B24315806B9CCBC5B2AAF431C5E6F44BD3CDCCE63153A5AED4B230E5850580DFC1B95CDCC5B984E27B989A9EC803F092E6B55AFBA9E98900C0FDB8958BD285F4A57BB96A4EB431DEC92C1FABAAD99B7A7CB900C0056EE5629C374716D79C4E32597B825224C5D1F44400E04EDCCA45799797F6E3279C833A754C8A525FDC79EDA505805FC2AD5C94A628ED27E534D4C9AABA96576CB58B4C4F0400EEC4AD5CFCBB6FCE44556565BC873DD0A8CF4A1D7D5D01E0F7702B17F527B9D4FAFD1ED33CB59F0A647A16007027CEE5A27E8BBFB533ADD7EBDEE5E32877EAF14CEF9A976E9D43EF4FEFAE33719B53C6E38B06002E702E17A52FFEECB93A72F438F4E8D03D9761D95DA177CDCB67F586EED0A6CEE673F994E9FED01701B8C4AD5CFCF3A3BE38124B432D6DA8295EED8B43CB53B6D63B93898D7364FC8FE38B005CE2562EFEAC2FF6D6AC918A3654CED6DF1BE7505FBC691AE393B96C8D435B18415F04E014E772F1677D71A47B9D75BEA11E79D90E7BBBDDD9CF1AAAAA67CDAFBBCD6E8F1C9AF34D23C7170138C5B95CFC595F1C4AA6EE3A87BE4276D905C73735D2F0C6571B2AA3435B9B8EBE08C0296EE5E2CF8E2F5E1DBB9934A5D55D3D067998DC178FFF9C723EEA8FFB22C71701B8C3AD5CFCF1F9A8236D6CA43EF66EE4D0979D434F9CDE178716AECEEA2AFA2200A738978BB7F6C56E228E9F71DADBDB0EDFBB60F7FE59FA62EFAC8E3399D250AF8E1C5F04E014E772F1D6BE78D6142FEF9C58FB2EBBDAAD956ECA43C71F3432ED5BD1170138C5AD5CBCF5F8E2FAFB799E5D43EB8FAF3954FE2EB730F1E8E0D9FAEB4EAF3DBBFFB2654E1C39BE08C0296EE5E2BF7CDE8DB3E88B009CE25C2E2E713EEAEF1E39BE08C0296EE5E26A1749FB5165657A228F447F3997E95900C09DB8958BAF7E226FF1992A6DE8618F32CA2BF6C4F7120370865BB9B80953E98B6156989EC8C3C85525AFD8F33E363D1100B813B77231480B693F928E36F4B08718BD2497576C1B65D75E5A00F825DCCA455536EDE7CF362CABDAF45C1EC38B17CB2B96E4CAF44400E04EDCCA45F11624C70264BC8D593E865953AF57BB883F2200B8C3B95C2CCAAA3991641BE58AB352C75475ADCF440D33657A2E00703FCEE5A2F8883279BB97377D7DC1860DCDCCB6B1AAEA757BEEEEAB9F50160138C5C55CACBF2ED878F1E2826B192F48535CFB69F74F070070878BB97868F7A6BE7889BE322F488B83E97E66CF18E56AB58BF42B93A972F22B0A00BF84A3B9786863601366FA13539FF7B197E42E1F71945E287F1FE8B34FDB269DD01401B8C9DD5CD492A27C6ECF2ED1DF1AA14FBF3C2E77EFFFADCBCF5EDCBD7FD516688E29027096EBB9A8C5B9DA4699FEF454DD205D1B9F76D147944599221101388E5C0400E0845C0400E0845C0400E0845C0400E0845C0400E0845C0400E0845C5C90D7EAFE7364E52449969F1100E00AD773713CAB66DCFE5946DE7F26008029C8C53BE5E2D59F452E02800D9CCE45EFCBE59D539E78B691DEED908B00F0589CCEC5C3451A75D3EEEA536E5A18DF665DD7BEEFDF347300C012C8C59FE4E25917FCF75CACAA2A08829B670F00981BB9F8F3BE38F22C7211001E94EBB978E8BB9A62E2F145BDDAE5F2D93A97AB5D221701C012E4A21554A9C230343D0B0000B96807A5541445A66701002017ED402E028025C8452B94AA241701C006E4A215F2228FE3D8F42C0000E4A21D8AA2201701C006E4A215F23CE7FB3400C006E4A215A42F2631B90800E6918B56485BA66701002017ED906519B90800362017AD20A198A599E9590000C8453BD01701C012E4A215E238CEF3DCF42C0000E4A21D9224211701C006E4A215E88B00600972D10A499C1445617A16000072D128DFF3BDEFF8164600308B5C34298AA26E28A649CAA7A4028059E4A24955599D9545A594E9490180D3C845C3C220D4A128DD919DA800601CB968589EE73A17E328CE723EF206000C2317CDF33DBFB9F9BEE9890000C8450BA4692A7D91EF5F04001B908BE6D5875AFA625555A627020020170100E82017010038211701003821170100382117010038211701003821178DA9EBBACC8B224DB330D2B7340C8B3453595E57F2606D7A8200E02272F1EEEA3A8FE270F3B15FBDEC9EFEEE9E9E3BE3DFCFE5D5B3AC2049595715010900F7442EDE953442EFF9F51881FBD5B3FFFA16BC6DA28F6DFCB10BDEDEE59F128AA7159E5FD2206C2EF9AF0F042400DC01B9782795524DE6E9B4FBFB22415844F141A943591DCAF2DBA8CA228A64856340CA139B9DAB353B57016071E4E23D14497A0CB978BBAFF2BC4DC12BB7BA289A746C77B14AB3CCA2B8D2BB55094700580CB9B8B82614DB44F45ED755969FB7C36B639966FEEBFA3C1A0100CB201797A5D24C8762F8BE69F79A5EAF893D37A5E4E9CD76BEA2511F710400CC8E5C5C50A5D4FE6F73D269F0F6FE15723734C5B35136A28F4D1659466B048085908B0BF25E9AFD9FDECBEBA1E86F8A559EA79E1FBE7F48E6856FEF32C61FBB3C08870E37EA735965B34A29A2110096402E2E25F58376CFE7DFDE638A12721281DFAE59EC2C4B29CCFCE0F2595596EDDBF377E2BD5F4A5272F93F00CC8D5C5C84C495DE839AECBCCBE657A6997E74FC263D52E2F3ECB9C976A70F341645413402C0ECC8C5456461A48F057E069B3EE346B5A198A4DF43F1796439787DEB3EB7592E94BEE423F6FC5295EC4D058079918B8BD0E7C8441F5B89B1261A3BE3F1EAFE8937699C675B682F6AFCEBAFDF7465E4DC54009811B938BF66276A5BE98A28AEF3BCCE8BE39879FEC4A6D85D2ED3B4BB9D228AF4FD459E2BA5D8950A00332217E7A7F25C5F865F65D9D96DFF7CFDB0E2E54D0AE2D97676ABB64A4691E4627394915C048099908BF3CBE3447FA86995A652F58E631E84B736C5CF0FCA797E2D93B4BB35BD3336F683A228AAB2BDCC1F00300772717EFAA49BF0FD43C5719924C731D9ED7F5016F5ADBB1D193F8F5FEEBDE610A3E2AC5400980DB938BF34945ED87C816219C72A8A8F63B4F9B8B5291E9733DFEF6E2D7AFFD057311679A1CF4A35FD4B03C02F412ECE4FF74549411545722BDA516E71938B3FEC8BB91F1CB72337FD71A9BA2FF2D93700302372717E3A1783F7CD595FECEC47BDB93576B72363F0B639EF8BC42200CC815C9CDFF1BC9BB3E38B9DF36E6EBBED9F5FCE8E2FEA4F5E8D3D9FBE0800F32217E7576459D3F656CF67E7A3CAA83FF8FBD6D6186FB6DFB69324FAFAC8348AE98B00302F72717E75557F1E140CC2B3EB0ED3BDF783BE281DB1BB9163EFCCD294BE0800F3221717509F3E07EEECF36E64F49B5DA0371C5F4C76FBB32D84EDF93BDEEB3ACFF3D347C10100E6402E2EA03EA4BAD2AD9E2B49B2EF9F6EDA7E6EF8F3C4A618ACDFCE3E61B5CA72BD1335DA7B5996A942F1AD1A00302372711175557D7E51E276F7EDDB30DAE5AF038D579A625337250BBF3F577F6BE3FEEF4B9AA645CE4E54009819B9B80809AAD8F775659414BCFC0A46697EF1763754132535F320ECFDE246FDC9A8E1769767B9E0ABA600605EE4E25224AEF4A7987A2FEBF65B18AB36DBBE8D727FE607D20BC3B7F7E0ED3D7CDB24BB7D11C5976BEA28D52D53C62C6B52F173276ACD4E5400980DB9B814C9AA22CBF5A144C9BC9ECA78E3CD5FBFEB029A44B1E42267A202C012C8C5C5D44D34E671AC0F34066F9BA1D6787D54CA6F4E706D0F58FA41138AFAC822DFA401007323171724B928B99545F1E751C397D732CB6EAD89EDB7367E7E1A800EC56F9767D015016056E4E2B28ED1B8FFDB7C23B174C7E8637B28D494A628FD5256DE3575F3599E786C8AFABBA50845005802B9B8B0BAF9F81BC9B03CCDF4879AEA6384D1E6238FA2CF6B30CE6E4A15511C6E3EF40E587D7AAA3EA6F8D9142514CB8AD36D006009E4E23DE8D6A8944AFC4017477D9DA2249FFFFAE6BFBD4B2F945BF0B6F15ED7FBD57185E63AC568B7CFD24C9F68736C8A4D22928900B00072F12EBE5A635996455EC47ED07C50DC6AF8936E242FD76FD1DE4B93445FA7F8198AE56728D214016021E4E2FD346956D5926DD2F99A94CBF3348A932094FC8BF7BE1EE59F726796A69F71D806A26A4E3EFD3AFBB43ED014016039E4E25DE968D4C551B58A0EDD0B8FED50C761D95CBBDF46621B8A3445005814B978776DE16B7687CAFF24EFCA2623754C4A041E8350D371C88E5300B81B72D190B6F9E9F3717483BC5477989E2E00B8825CB4409B7AFA14D3D378E038220018402E020070422E020070F23FBEAA5878365E678D0000000049454E44AE426082',10001,'helloworld.png'),(10003,0,X'3C3F786D6C2076657273696F6E3D22312E302220656E636F64696E673D225554462D38223F3E0A0A3C70726F63657373206E616D653D2268656C6C6F776F726C642220786D6C6E733D22687474703A2F2F6A62706D2E6F72672F342E342F6A70646C223E0D0A2020203C737461727420673D223130382C31322C34382C343822206E616D653D22737461727431223E0D0A2020202020203C7472616E736974696F6E20673D222D37312C2D313722206E616D653D22746F20E68F90E4BAA4E794B3E8AFB72220746F3D22E68F90E4BAA4E794B3E8AFB7222F3E0D0A2020203C2F73746172743E0D0A2020203C656E6420673D223130372C3334362C34382C343822206E616D653D22656E6431222F3E0D0A2020203C7461736B20673D2237332C39342C3131372C353222206E616D653D22E68F90E4BAA4E794B3E8AFB7222061737369676E65653D22E59198E5B7A5223E0D0A2020202020203C7472616E736974696F6E20673D222D3130372C2D313722206E616D653D22746F20E983A8E997A8E7BB8FE790865BE5AEA1E689B95D2220746F3D22E983A8E997A8E7BB8FE790865BE5AEA1E689B95D222F3E0D0A2020203C2F7461736B3E0D0A2020203C7461736B20673D2237332C3137382C3131372C353222206E616D653D22E983A8E997A8E7BB8FE790865BE5AEA1E689B95D222061737369676E65653D22E983A8E997A8E7BB8FE79086223E0D0A2020202020203C7472616E736974696F6E20673D222D39352C2D313722206E616D653D22746F20E680BBE7BB8FE790865BE5AEA1E689B95D2220746F3D22E680BBE7BB8FE790865BE5AEA1E689B95D222F3E0D0A2020203C2F7461736B3E0D0A2020203C7461736B20673D2237332C3236322C3131372C353222206E616D653D22E680BBE7BB8FE790865BE5AEA1E689B95D222061737369676E65653D22E680BBE7BB8FE79086223E0D0A2020202020203C7472616E736974696F6E20673D222D34372C2D313722206E616D653D22746F20656E64312220746F3D22656E6431222F3E0D0A2020203C2F7461736B3E0D0A3C2F70726F636573733E',10001,'helloworld.jpdl.xml'),(10009,0,X'89504E470D0A1A0A0000000D494844520000025D0000018A0802000000B93363760000229149444154789CEDDD2D74AB4A1B86E123B7AC8CDCB2B2B232B2B232B2323232128944229148241289448E44229191E78569139A0021DD909974EEEBCB9A8F9D103ACD592B4F1F7E92FF0E0000E0CB7FA62700008045C84500004EC84500004EC84500004EC84500004EC84500004EC84500004EC84500004EC84500004EC84500004EC84500004EC84500004EC84500004EC84500004EC84500004EC84500004EC84500004EC845C3EABA3ED4CDA85D2E9B9E2000B8855C3443022FCD432FDAECFCD7CDFEEF66B77ADF3DBD37E34AFEB9F55EFCE823C98263400200EE835CBC37C9B920DE4AF249046EFD573FDA48FEE52AAD6A55D64551A671E64B28CA0A12961FDE7318EFAAAAFC0C4800C0C2C8C53BAA0F71EA49E07D782F128D6595D787B23E5443A3AAF230DE4A34CA53A2D4AB2BA2110016472EDE89449A54C3CDFEAF24621B7B65D58E539683F8439EE885EF55590976AB02C072C8C57BA8AA721FBC6DFDD75CC5E31D7168CC8A78E7BFEE8375592AA2110096432E2E4E9AA284A2445A7550B736C5EE72552BD9CEAE89C69268048085908BCBD2BB4FA5297EE5DCCD4DB13B4AB24A6B3CED500500CC8D5C5C908462947A9BFDDFEC73F7E90F9B6277392B62D96094EC3F5B23006056E4E2822417B7EDA9A7FFDE14BBA3BECC43A9427291335401605EE4E262EA43107F7C78CFFAB0A28C553B5E2ED703F78F2C7FEC9F251D9552442300CC8B5C5C8A2E8B7EFCD12459ADE61D83F6BA4655A8B22CC945009811B9B808C9AA38F3DF77ABA24CCB3A2FEBE2EBF62FCBA75BAE92CD6E15A77EA938371500E6442E2E4272D10BDFB7FEABAA7255E732967AAC3AE3E53DDDFB2F1E559D47659B5246BD7053144555B22B150066432E2E423A5C9B5BEF4595496554325669713696DFEE51BDCBE5B735BBF7CBC63FBCE7222FA432F2117100301772717E4D4655F566BF0A937D2E9156A67D6372764F3170FFD01826BBCDFE6F9EE79FBB52010073201717D05C815FBDEF5671EE4BCE652A963157C97139FBB67C7DEC3EF7B89CE4C1FBEE29CF72CE4A058019918BF36BEA62938B4F925E4D987D8EC9E4E564CAFA691149F46659A67391536F006016E4E2FC9A5C2C9BBE9816611B8D51678C6F5C1E1A752E3E35B958D017016036E4E2FCBEFAE22AC9FD4ECE9DBAE3F86DCA3A72D3D781D01701605EE4E202EA435996FAAB16F37F08C5F1E520D96EDA5C6C2ED5A02F02C04CC8C5F9E9BEF8E13D7BE17B73A6CC32B77DF8B6F55EE88B00302F72717EFAF8E2E7F585A74B2F7E36A6438F4A284A34727C1100E6452ECE4F5FBFD87CC3D46E95A9B8BD183F9B77CC552C1B971F21B9C847C101C08CC8C505B4D72F4A5C495FF4A30FD584D9F183DCE659F6A38D6C3C4DD23CE7FA45009813B9B80849A9B22C9B6FBDD83FEB4FFAAE3A9FFA5DF57D14F84D379DB8599A359F03C7171403C07CC8C545E8438C4551345F3515355F35D5C4E1D717459D2FD7329EEE2F7BD7D1CBCD9A85FE5AC73449F4C145BE6A0A0066442E2EE36B576A98EC3EF67FB3226EBF52B81C18D5F4FB65539BFDDF28D9A7692A655129C5878603C08CC8C5A5E85DA9D2E7BCF07DE7BF4AD53BC65BDD89BA9B962529B7FEAB176E92B62CEA2F9962272A00CC885C5C8A3E2B55FA9CB4BA5DB0DE076F6DFFABDA90FBC928B9281B919B0EC5D33769D01501603EE4E282F45146A98C799E49344A6BECEE50BDA929662A96A6D886629CA69FA7A17264110066472E2E4B2AE35734E6CD95FEED87C3DDDA14E5299BFD5F3FDC2471D28462D6094562110066452E2E4C9F8053964551483486C96EEBBD7CEC9F25EA54958D374555E5FAD4D30FEF254AF671DC34C5D339A89C6E03000B201797D746E3B1354AB635D7357A2F5201B7FE4B107D24995F94A9BE0C4316922CF0A38F9DFFBAD9AD244465E5A4A58F297E364542110096412EDEC5576B94682CF242124ED2314E3D3FDC6CDB807CDF3DBDEF567ADCEC250E5FBDF03D4EFDA62336BB4E53421100EE835CBC9FE6586355A9E614D5A638E659D31D85744109BFE48B5EFE8CC326109B0FB511CDD9A7651B898422002C865CBC2BFD155465D31C9B238E12783A20B33E794B35D7EE2B7D9D22A108004B2317EF4D679B3EE2A8035275159FFFAFEF2F5B9F3B4E094400581EB96848FD79E17FA5B575507F02B85E3EA22302C03D918BE6E92ED83F0200EE8B5C0400E0C4B95CF43CEFB8D035BEF2940D5EBD7FCAD6000066399D8BBD778E1BD9E0D04313B79324C9BFFC5E00805938948B67B1341E54BDA9D9BBA929BD73683BD31F0500DCC703E7E2CF8264BC2F0E6D796485F1043D4CEE8BE42200D8C0C55C1CEF8BC747C7EF19EF8B573BE85CBF0E00605E8F9A8BBDC56BCA9ECC89E174753FEAF465FA22003C9047CDC5C3F0BECDA180E9D6BEAB5935632E5EDDDAF8FD00807B7228177B571B59796485ABFB510F1759385E16AF4E1B00701FE4E2BF66D5C47A3A717D0080590F9C8B878BE3852309D75DE7F03D14C7B77C759B57B770A02F02C0E378EC5CBCC9D0DECEEE9D43D135126953728EBE08008FC2A15CB41CB908003620176D412E02800DC8455B908B00600372D116E42200D8805CB405B908003620176D412E02800DC8455B908B00600372D116E42200D8805CB405B908003620176D412E02800DC8455B908B00600372D116E42200D8805CB405B908003620176D412E02800DC8455B908B00600372D116E42200D8805C34CCBB100481E9490180BBC845C3E238EE8662DC323D29007017B968982A553717A330524A999E1400B88B5C342F088263590CC3D0F47400C069E4A279455E1C7331CF73D3D30100A7918B56F07D5F9F71531F6AD3730100A7918B56489244725146D3130100D7918BB6905CAC6BCA220018462E020070422E020070422E020070422E020070422E020070422E020070422E7E8A73E525F9DA4FE4F6DF36D4B73F5F0BBF78F9D54FE4B68BB330535C260200AEE76255D7FB387FDA457FB6511B18AE8F1F51A6CACAF47F160030C6E95C9486B4DAC5BA36BD78B1F4C5A428D3A2ACAAA638E98BEC7FFD28BFAFFCD6415ABC7E15650948F95BE147AF28003C3C7773711767BA21BD054D149A9E8E15A4296EC24C47E37B9056EC5705E01E4773711B49283687D924138D3736DB46F933A1DDB1DC1C7A9CFA8202C06FE1622E4699923E24EFFB59519A9E8BA55459AFDA63AEEC5005E01AE772B1AC2A7D4CB139FDD27433B379CC54A92BB52C4C796101E077702E1777712EA1F81EA6A627F200BCA479ADD67E6A7A2200703F6EE5A274217DE95EAE9A136D8C7732CBC7AA6AF6A61E5F2E0070815BB918E7CD91C535A7934CD69EA0144971343D1100B813B77251DEE5A5FDF809E7A04E1D93A2D417775E7B6901E097702B17A5294AFB49390D75B2AAAEE5155BED22D31301803B712B17FFEE9B3351555919EF610F34EAB352475F5700F83DDCCA45FD492EB57EBFC7344FEDA702999E0500DC8973B9A8DFE267EF55EBF55A2FAFBFEB5D7FE8FE29EB5CDE3F656BFF321E5F3400708173B9287D71892DEB70EA2E9CDD396E6483430F4DDCCEBFFB435F04E012B772F1CF027DF12C96C6FB62F79EDE474782F3D66639635FE4F8220077B8958BA6FA62EF3FC75718D9CEF14EFA2200CCCEB95C5CEEF8E2785F3C3E3A7ECF785FBCDA4139BE0800FFC8B95C5CA22F5EED6A53DAE4C8A3BDCBF4450058825BB9B8D0F1C5EE78E9A6E38BB32C737C11007ECCAD5CBCDBF1C591EA36B2C2F87ED4B31F74B9FE5CBFCB19FA2200A738978B77B87EF1D049ACDEF5A774BBF1E776C73BF4457211803B9CCBC545FB6237148756BBBA4E7783235B38D0170160016EE5E21DAE5FBC3CB3B4BBCED0736FED8B1C5F048085B8958BCBF5C55F8CBE08C029CEE5E242C7177FF1C8F145004E712B1757BB48DA8F2A2BD3137924FACBB94CCF0200EEC4AD5C7CF513798BCF5469430F7B94515EB127BE97188033DCCAC54D984A5F0CB3C2F4441E46AE2A79C59EF7B1E98900C09DB8958B415A48FB9174B4A1873DC4E825B9BC62DB28BBF6D202C02FE1562EAAB2693F7FB66159D5A6E7F2185EBC585EB12457A627020077E2562E8AB720391620E36DCCF231CC9A7ABDDA45FC1101C01DCEE5625156CD8924DB28579C953AA6AA6B7D266A9829D3730180FB712E17C54794C9DBBDBCE9EB0B366C6866B68D5555AFDB73775FFD84B208C0292EE662FD75C1C68B17175CCB78419AE2DA4FBB7F3A00803B5CCCC543BB37F5C54BF49579415A1C4CF7337BC62857AB5DA45F994C95935F5100F8251CCDC5431B039B30D39F98FABC8FBD2477F988A3F442F9FB409F7DDA36E984A608C04DEEE6A29614E5737B7689FED6087DFAE571B97BFF6F5D7EF6E2EEFDABB640734C1180B35CCF452DCED536CAF4A7A7EA06E9DAF8B48B3EA22CCA148908C071E422000027E422000027E422000027E422000027B6E4A2E779FFB8C2711DEF42EF9A5356BB691AC7872E1700008FC2702EF6E6D350565D8DBDCB1C3A7BF4F259BD19D65D67FA0CAFE6E24D010C0030C27C5FBC8C96A180E94D9491341A597F62C20D6D64646B132770294992911F0400B88F9973F16765A8374E2686D34894F696B3F1E89DF8E3C61F1A8FF3A12DD02301C00686737164E7E4ADB9D84DC1A1DD9B97ED704A2E0E4D7228F0BABFC250300FFD220000B3E6CCC5A1B4F841581E7E54E07AFBD9D03A232137D2F0AEC6E761206BAFFE2EE42200D860D9BE389E10C787CEC269BCCC0DFDC4EE73A7B4BA912DDFDA172FFF397DE357EF0700DC9315B978B6FC835C9C128197DBFC41764EA995E422003C2E4B7371CA0EC9A19F78359646B26D649B237DF1EC5943BFC5F8EF422E02800D66CEC5435FF08CBFE35F26CD659CCCD2177B677253A59BF8D0C82F32B2057211006C307F2EDEAAB72F8EACD3BD7328EAAE16BBF17586B63C7126670139F4CF295B0600DC99F95C84462E02800DC8455B908B00600372D116E42200D8805CB405B908003620176D412E02800DC8455B908B00600372D116E42200D8805CB405B908003620176D412E02800DC8455B908B00600372D116E42200D8805CB405B908003620176D412E02800DC8455B908B00600372D116E42200D8805C34ECF26B208320303D29007017B968581CC7DD508C5BA6270500EE22170D53A5EAE66214464A29D393020077918BE60541702C8B61189A9E0E00388D5C34AFC88B632EE6796E7A3A00E03472D10ABEEFEB336EEA436D7A2E00E03472D10A4992482ECA687A2200E03A72D116928B754D590400C3C84500004EC84500004EC84500004EC84500004EC84500004EC84500004EC8C54F71AEBC245FFB89DCFEDB86FAF6E76BE1172FBFFA89DC767116668ACB4400C0F55CACEA7A1FE74FBBE8CF366A03C3F5F123CA545999FECF0200C6389D8BD29056BB58D7A6172F96BE9814655A9455D514277D91FDAF1FE5F795DF3A488BD7AFA22C01297F2BFCE815058087E76E2EEEE24C37A4B7A08942D3D3B18234C54D98E9687C0FD28AFDAA00DCE3682E6E2309C5E6309B64A2F1C666DB287F26B43B969B438F535F5000F82D5CCCC52853D287E47D3F2B4AD373B1942AEB557BCC951DAA005CE35C2E9655A58F2936A75F9A6E66368F992A75A59685292F2C00FC0ECEE5E22ECE2514DFC3D4F4441E809734AFD5DA4F4D4F0400EEC7AD5C942EA42FDDCB5573A28DF14E66F95855CDDED4E3CB05002E702B17E3BC39B2B8E67492C9DA139422298EA627020077E2562ECABBBCB41F3FE11CD4A9635294FAE2CE6B2F2D00FC126EE5A23445693F29A7A14E56D5B5BC62AB5D647A220070276EE5E2DF7D7326AA2A2BE33DEC81467D56EAE8EB0A00BF875BB9A83FC9A5D6EFF798E6A9FD5420D3B300803B712E17F55BFC78435AAFD7E3EBC80A579B965E677DA177CD4B539ADCC83C8F5B38AE33719B97E3F14503001738978BD217871EEDCDA7B348EBAEDCFB94B3152E9FD2FBB3CE56E85DF3A6198E6FF36CB3E3FED01701B8C4AD5CFC73AD2F761BD8318A0E7D0DACB7AB8DB4B491F57B13AEB79BAE473BDFE5D67A677253333E7CFE3111FEF36B0F008FC1AD5C1CEF8B5A374E2EFF79E82B82E3CF3D0C97B391F5A7FFB8F187467E91F12D1CD1170138C5B95C1CE98B233B272F7BE494C636D4412F7FD6C8B1C0B39E3734C9B35975B7D99DD5E1477D915C04E00EE772F16A5F3CF383BE38F4C491757A43AEF7C70D3D74B9DAD9047AA74D5F0480336EE5E294E38B434DB1B7FF8D1F5FEC8DBDDEF5AF1E831C9AE1E5968FFF9C723EEAC4BEC8F14500EE702B17AFF6C591C2375EBCCE9E72D6F9869ED5DD666F59BC7CE2F4BE3865DAF4450038E35C2EFEE07CD4F5D7F1B9E97DF1ECD8DED0B3CE1AE42C7DF1EC5943BF05C71701A09773B978B52F9E25CD596B3CCCD4172F5718DAF2D51F37FED0C82F32BE8523FA2200A7B8958BFF72FD62EF3A97E7B24E39C7754AFFBBBAE5893339AE7379FF313239BE0800476EE5E20FCE47057D1180539CCBC5299F8FCAC8F14500CE722B1757BB48DA8F2A2BD3137924FACBB94CCF0200EEC4AD5C7CF513798BCF5469430F7B94515EB127BE97188033DCCAC54D984A5F0CB3C2F4441E46AE2A79C59EF7B1E98900C09DB8958B415A48FB9174B4A1873DC4E825B9BC62DB28BBF6D202C02FE1562EAAB2693F7FB66159D5A6E7F2185EBC585EB12457A627020077E2562E8AB720391620E36DCCF231CC9A7ABDDA45FC1101C01DCEE5625156CD8924DB28579C953AA6AA6B7D266A9829D3730180FB712E17C54794C9DBBDBCE9EB0B366C6866B68D5555AFDB73775FFD84B208C0292EE662FD75C1C68B17175CCB78419AE2DA4FBB7F3A00803B5CCCC543BB37F5C54BF49579415A1C4CF7337BC62857AB5DA45F994C95935F5100F8251CCDC5431B039B30D39F98FABC8FBD2477F988A3F442F9FB409F7DDA36E984A608C04DEEE6A29614E5737B7689FED6087DFAE571B97BFF6F5D7EF6E2EEFDABB640734C1180B35CCF452DCED536CAF4A7A7EA06E9DAF8B48B3EA22CCA148908C071E422000027E422000027E422000027E4220000278F948B9EE7F52E9FDDE95DE85D73CA6AE373187AE8720100F0281E29170F9DE41B7974E89EDE14ECCDB0EE3ABD09DA9BA65773F1A600060018F130B9F8EFB1D4BD73E2A6863632B2B58913B89424C9C80F0200DC87815CFC59611ACF98DE85DE7236145D13B370CA43670B97ADF1D62D0300EEE6F7E4623705877AE4653B9C928B43557528F0BAC571289827FE8200803BBB772E0E25CAD554989E4CE351D44DACA14D8D34BCABF17918C8DAA1675DBD1F00704FE6FBE2788ADCBAD9DED89BF2D3C7D7194FE5CB7F4EDFF8D5FB0100F7F448B938D2C6A644E0E58FFB41764EA995E422003CAEC7C8C5A144BC7C4A6F6F1B5A61649DCBA78CF4C5DE591D579892D623F70300EEC9CC751A97E1349E0A2301D30DA1ABB5AF3747877EDCC84CC61F3A4B447211001E88995CBCC9D09ECF9180B95AECC6D719D9FED09DDDF52F277C75B3435B0600DCD903E4A223C84500B001B9680B7211006C402EDA825C04001B908BB6201701C006E4A22DC84500B001B9680B7211006C402EDA825C04001B908BB6201701C006E4A22DC84500B001B9680B7211006C402EDA825C04001B908BB6201701C006E4A22DC84500B001B9680B7211006C402EDA825C04001B908B865D7E0D641004A6270500EE22170D8BE3B81B8A71CBF4A400C05DE4A261AA54DD5C8CC24829657A5200E02E72D1BC20088E65310C43D3D30100A7918BE6157971CCC53CCF4D4F07009C462E5AC1F77D7DC64D7DA84DCF05009C462E5A214912C945194D4F04005C472EDA4272B1AE298B006018B90800C009B90800C009B90800C009B90800C009B90800C009B90800C009B9F829CE9597E46B3F91DB7FDB50DFFE7C2DFCE2E5573F91DB2ECEC24C71990800B89E8B555DEFE3FC6917FDD9466D60B83E7E44992A2BD3FF5900C018A773511AD26A17EBDAF4E2C5D21793A24C8BB2AA9AE2A42FB2FFF5A3FCBEF25B0769F1FA55942520E56F851FBDA200F0F0DCCDC55D9CE986F4163451687A3A5690A6B809331D8DEF415AB15F15807B1CCDC56D24A1D81C66934C34DED86C1BE5CF8476C77273E871EA0B0A00BF858BB918654AFA90BCEF6745697A2E965265BD6A8FB9B24315806B9CCBC5B2AAF431C5E6F44BD3CDCCE63153A5AED4B230E5850580DFC1B95CDCC5B984E27B989A9EC803F092E6B55AFBA9E98900C0FDB8958BD285F4A57BB96A4EB431DEC92C1FABAAD99B7A7CB900C0056EE5629C374716D79C4E32597B825224C5D1F44400E04EDCCA45799797F6E3279C833A754C8A525FDC79EDA505805FC2AD5C94A628ED27E534D4C9AABA96576CB58B4C4F0400EEC4AD5CFCBB6FCE44556565BC873DD0A8CF4A1D7D5D01E0F7702B17F527B9D4FAFD1ED33CB59F0A647A16007027CEE5A27E8BBFB533ADD7EBDEE5E32877EAF14CEF9A976E9D43EF4FEFAE33719B53C6E38B06002E702E17A52FFEECB93A72F438F4E8D03D9761D95DA177CDCB67F586EED0A6CEE673F994E9FED01701B8C4AD5CFCF3A3BE38124B432D6DA8295EED8B43CB53B6D63B93898D7364FC8FE38B005CE2562EFEAC2FF6D6AC918A3654CED6DF1BE7505FBC691AE393B96C8D435B18415F04E014E772F1677D71A47B9D75BEA11E79D90E7BBBDDD9CF1AAAAA67CDAFBBCD6E8F1C9AF34D23C7170138C5B95CFC595F1C4AA6EE3A87BE4276D905C73735D2F0C6571B2AA3435B9B8EBE08C0296EE5E2CF8E2F5E1DBB9934A5D55D3D067998DC178FFF9C723EEA8FFB22C71701B8C3AD5CFCF1F9A8236D6CA43EF66EE4D0979D434F9CDE178716AECEEA2AFA2200A738978BB7F6C56E228E9F71DADBDB0EDFBB60F7FE59FA62EFAC8E3399D250AF8E1C5F04E014E772F1D6BE78D6142FEF9C58FB2EBBDAAD956ECA43C71F3432ED5BD1170138C5AD5CBCF5F8E2FAFB799E5D43EB8FAF3954FE2EB730F1E8E0D9FAEB4EAF3DBBFFB2654E1C39BE08C0296EE5E2BF7CDE8DB3E88B009CE25C2E2E713EEAEF1E39BE08C0296EE5E26A1749FB5165657A228F447F3997E95900C09DB8958BAF7E226FF1992A6DE8618F32CA2BF6C4F7120370865BB9B80953E98B6156989EC8C3C85525AFD8F33E363D1100B813B77231480B693F928E36F4B08718BD2497576C1B65D75E5A00F825DCCA455536EDE7CF362CABDAF45C1EC38B17CB2B96E4CAF44400E04EDCCA45F11624C70264BC8D593E865953AF57BB883F2200B8C3B95C2CCAAA3991641BE58AB352C75475ADCF440D33657A2E00703FCEE5A2F8883279BB97377D7DC1860DCDCCB6B1AAEA757BEEEEAB9F50160138C5C55CACBF2ED878F1E2826B192F48535CFB69F74F070070878BB97868F7A6BE7889BE322F488B83E97E66CF18E56AB58BF42B93A972F22B0A00BF84A3B9786863601366FA13539FF7B197E42E1F71945E287F1FE8B34FDB269DD01401B8C9DD5CD492A27C6ECF2ED1DF1AA14FBF3C2E77EFFFADCBCF5EDCBD7FD516688E29027096EBB9A8C5B9DA4699FEF454DD205D1B9F76D147944599221101388E5C0400E0845C0400E0845C0400E0845C0400E0845C0400E0845C0400E0845C5C90D7EAFE7364E52449969F1100E00AD773713CAB66DCFE5946DE7F26008029C8C53BE5E2D59F452E02800D9CCE45EFCBE59D539E78B691DEED908B00F0589CCEC5C3451A75D3EEEA536E5A18DF665DD7BEEFDF347300C012C8C59FE4E25917FCF75CACAA2A08829B670F00981BB9F8F3BE38F22C7211001E94EBB978E8BB9A62E2F145BDDAE5F2D93A97AB5D221701C012E4A21554A9C230343D0B0000B96807A5541445A66701002017ED402E028025C8452B94AA241701C006E4A215F2228FE3D8F42C0000E4A21D8AA2201701C006E4A215F23CE7FB3400C006E4A215A42F2631B90800E6918B56485BA66701002017ED906519B90800362017AD20A198A599E9590000C8453BD01701C012E4A215E238CEF3DCF42C0000E4A21D9224211701C006E4A215E88B00600972D10A499C1445617A16000072D128DFF3BDEFF8164600308B5C34298AA26E28A649CAA7A4028059E4A24955599D9545A594E9490180D3C845C3C220D4A128DD919DA800601CB968589EE73A17E328CE723EF206000C2317CDF33DBFB9F9BEE9890000C8450BA4692A7D91EF5F04001B908BE6D5875AFA625555A627020020170100E82017010038211701003821170100382117010038211701003821178DA9EBBACC8B224DB330D2B7340C8B3453595E57F2606D7A8200E02272F1EEEA3A8FE270F3B15FBDEC9EFEEE9E9E3BE3DFCFE5D5B3AC2049595715010900F7442EDE953442EFF9F51881FBD5B3FFFA16BC6DA28F6DFCB10BDEDEE59F128AA7159E5FD2206C2EF9AF0F042400DC01B9782795524DE6E9B4FBFB22415844F141A943591DCAF2DBA8CA228A64856340CA139B9DAB353B57016071E4E23D14497A0CB978BBAFF2BC4DC12BB7BA289A746C77B14AB3CCA2B8D2BB55094700580CB9B8B82614DB44F45ED755969FB7C36B639966FEEBFA3C1A0100CB201797A5D24C8762F8BE69F79A5EAF893D37A5E4E9CD76BEA2511F710400CC8E5C5C50A5D4FE6F73D269F0F6FE15723734C5B35136A28F4D1659466B048085908B0BF25E9AFD9FDECBEBA1E86F8A559EA79E1FBE7F48E6856FEF32C61FBB3C08870E37EA735965B34A29A2110096402E2E25F58376CFE7DFDE638A12721281DFAE59EC2C4B29CCFCE0F2595596EDDBF377E2BD5F4A5272F93F00CC8D5C5C84C495DE839AECBCCBE657A6997E74FC263D52E2F3ECB9C976A70F341645413402C0ECC8C5456461A48F057E069B3EE346B5A198A4DF43F1796439787DEB3EB7592E94BEE423F6FC5295EC4D058079918B8BD0E7C8441F5B89B1261A3BE3F1EAFE8937699C675B682F6AFCEBAFDF7465E4DC54009811B938BF66276A5BE98A28AEF3BCCE8BE39879FEC4A6D85D2ED3B4BB9D228AF4FD459E2BA5D8950A00332217E7A7F25C5F865F65D9D96DFF7CFDB0E2E54D0AE2D97676ABB64A4691E4627394915C048099908BF3CBE3447FA86995A652F58E631E84B736C5CF0FCA797E2D93B4BB35BD3336F683A228AAB2BDCC1F00300772717EFAA49BF0FD43C5719924C731D9ED7F5016F5ADBB1D193F8F5FEEBDE610A3E2AC5400980DB938BF34945ED87C816219C72A8A8F63B4F9B8B5291E9733DFEF6E2D7AFFD057311679A1CF4A35FD4B03C02F412ECE4FF74549411545722BDA516E71938B3FEC8BB91F1CB72337FD71A9BA2FF2D93700302372717E3A1783F7CD595FECEC47BDB93576B72363F0B639EF8BC42200CC815C9CDFF1BC9BB3E38B9DF36E6EBBED9F5FCE8E2FEA4F5E8D3D9FBE0800F32217E7576459D3F656CF67E7A3CAA83FF8FBD6D6186FB6DFB69324FAFAC8348AE98B00302F72717E75557F1E140CC2B3EB0ED3BDF783BE281DB1BB9163EFCCD294BE0800F3221717509F3E07EEECF36E64F49B5DA0371C5F4C76FBB32D84EDF93BDEEB3ACFF3D347C10100E6402E2EA03EA4BAD2AD9E2B49B2EF9F6EDA7E6EF8F3C4A618ACDFCE3E61B5CA72BD1335DA7B5996A942F1AD1A00302372711175557D7E51E276F7EDDB30DAE5AF038D579A625337250BBF3F577F6BE3FEEF4B9AA645CE4E54009819B9B80809AAD8F775659414BCFC0A46697EF1763754132535F320ECFDE246FDC9A8E1769767B9E0ABA600605EE4E25224AEF4A7987A2FEBF65B18AB36DBBE8D727FE607D20BC3B7F7E0ED3D7CDB24BB7D11C5976BEA28D52D53C62C6B52F173276ACD4E5400980DB9B814C9AA22CBF5A144C9BC9ECA78E3CD5FBFEB029A44B1E42267A202C012C8C5C5D44D34E671AC0F34066F9BA1D6787D54CA6F4E706D0F58FA41138AFAC822DFA401007323171724B928B99545F1E751C397D732CB6EAD89EDB7367E7E1A800EC56F9767D015016056E4E2B28ED1B8FFDB7C23B174C7E8637B28D494A628FD5256DE3575F3599E786C8AFABBA50845005802B9B8B0BAF9F81BC9B03CCDF4879AEA6384D1E6238FA2CF6B30CE6E4A15511C6E3EF40E587D7AAA3EA6F8D9142514CB8AD36D006009E4E23DE8D6A8944AFC4017477D9DA2249FFFFAE6BFBD4B2F945BF0B6F15ED7FBD57185E63AC568B7CFD24C9F68736C8A4D22928900B00072F12EBE5A635996455EC47ED07C50DC6AF8936E242FD76FD1DE4B93445FA7F8198AE56728D214016021E4E2FD346956D5926DD2F99A94CBF3348A932094FC8BF7BE1EE59F726796A69F71D806A26A4E3EFD3AFBB43ED014016039E4E25DE968D4C551B58A0EDD0B8FED50C761D95CBBDF46621B8A3445005814B978776DE16B7687CAFF24EFCA2623754C4A041E8350D371C88E5300B81B72D190B6F9E9F3717483BC5477989E2E00B8825CB4409B7AFA14D3D378E038220018402E020070422E020070F23FBEAA5878365E678D0000000049454E44AE426082',10008,'helloworld.png'),(10010,0,X'3C3F786D6C2076657273696F6E3D22312E302220656E636F64696E673D225554462D38223F3E0A0A3C70726F63657373206E616D653D2268656C6C6F776F726C642220786D6C6E733D22687474703A2F2F6A62706D2E6F72672F342E342F6A70646C223E0D0A2020203C737461727420673D223130382C31322C34382C343822206E616D653D22737461727431223E0D0A2020202020203C7472616E736974696F6E20673D222D37312C2D313722206E616D653D22746F20E68F90E4BAA4E794B3E8AFB72220746F3D22E68F90E4BAA4E794B3E8AFB7222F3E0D0A2020203C2F73746172743E0D0A2020203C656E6420673D223130372C3334362C34382C343822206E616D653D22656E6431222F3E0D0A2020203C7461736B20673D2237332C39342C3131372C353222206E616D653D22E68F90E4BAA4E794B3E8AFB7222061737369676E65653D22E59198E5B7A5223E0D0A2020202020203C7472616E736974696F6E20673D222D3130372C2D313722206E616D653D22746F20E983A8E997A8E7BB8FE790865BE5AEA1E689B95D2220746F3D22E983A8E997A8E7BB8FE790865BE5AEA1E689B95D222F3E0D0A2020203C2F7461736B3E0D0A2020203C7461736B20673D2237332C3137382C3131372C353222206E616D653D22E983A8E997A8E7BB8FE790865BE5AEA1E689B95D222061737369676E65653D22E983A8E997A8E7BB8FE79086223E0D0A2020202020203C7472616E736974696F6E20673D222D39352C2D313722206E616D653D22746F20E680BBE7BB8FE790865BE5AEA1E689B95D2220746F3D22E680BBE7BB8FE790865BE5AEA1E689B95D222F3E0D0A2020203C2F7461736B3E0D0A2020203C7461736B20673D2237332C3236322C3131372C353222206E616D653D22E680BBE7BB8FE790865BE5AEA1E689B95D222061737369676E65653D22E680BBE7BB8FE79086223E0D0A2020202020203C7472616E736974696F6E20673D222D34372C2D313722206E616D653D22746F20656E64312220746F3D22656E6431222F3E0D0A2020203C2F7461736B3E0D0A3C2F70726F636573733E',10008,'helloworld.jpdl.xml');

#
# Source for table "jbpm4_job"
#

DROP TABLE IF EXISTS `jbpm4_job`;
CREATE TABLE `jbpm4_job` (
  `DBID_` bigint(20) NOT NULL,
  `CLASS_` varchar(255) NOT NULL,
  `DBVERSION_` int(11) NOT NULL,
  `DUEDATE_` datetime DEFAULT NULL,
  `STATE_` varchar(255) DEFAULT NULL,
  `ISEXCLUSIVE_` bit(1) DEFAULT NULL,
  `LOCKOWNER_` varchar(255) DEFAULT NULL,
  `LOCKEXPTIME_` datetime DEFAULT NULL,
  `EXCEPTION_` longtext,
  `RETRIES_` int(11) DEFAULT NULL,
  `PROCESSINSTANCE_` bigint(20) DEFAULT NULL,
  `EXECUTION_` bigint(20) DEFAULT NULL,
  `CFG_` bigint(20) DEFAULT NULL,
  `SIGNAL_` varchar(255) DEFAULT NULL,
  `EVENT_` varchar(255) DEFAULT NULL,
  `REPEAT_` varchar(255) DEFAULT NULL,
  PRIMARY KEY (`DBID_`),
  KEY `FK_JOB_CFG` (`CFG_`),
  KEY `IDX_JOBRETRIES` (`RETRIES_`),
  KEY `IDX_JOBDUEDATE` (`DUEDATE_`),
  KEY `IDX_JOBLOCKEXP` (`LOCKEXPTIME_`),
  KEY `IDX_JOB_CFG` (`CFG_`),
  KEY `IDX_JOB_EXE` (`EXECUTION_`),
  KEY `IDX_JOB_PRINST` (`PROCESSINSTANCE_`),
  CONSTRAINT `FK_JOB_CFG` FOREIGN KEY (`CFG_`) REFERENCES `jbpm4_lob` (`DBID_`)
) ENGINE=InnoDB DEFAULT CHARSET=utf8;

#
# Data for table "jbpm4_job"
#


#
# Source for table "jbpm4_property"
#

DROP TABLE IF EXISTS `jbpm4_property`;
CREATE TABLE `jbpm4_property` (
  `KEY_` varchar(255) NOT NULL,
  `VERSION_` int(11) NOT NULL,
  `VALUE_` varchar(255) DEFAULT NULL,
  PRIMARY KEY (`KEY_`)
) ENGINE=InnoDB DEFAULT CHARSET=utf8;

#
# Data for table "jbpm4_property"
#

INSERT INTO `jbpm4_property` VALUES ('next.dbid',2,'20001');

#
# Source for table "jbpm4_swimlane"
#

DROP TABLE IF EXISTS `jbpm4_swimlane`;
CREATE TABLE `jbpm4_swimlane` (
  `DBID_` bigint(20) NOT NULL,
  `DBVERSION_` int(11) NOT NULL,
  `NAME_` varchar(255) DEFAULT NULL,
  `ASSIGNEE_` varchar(255) DEFAULT NULL,
  `EXECUTION_` bigint(20) DEFAULT NULL,
  PRIMARY KEY (`DBID_`),
  KEY `FK_SWIMLANE_EXEC` (`EXECUTION_`),
  KEY `IDX_SWIMLANE_EXEC` (`EXECUTION_`),
  CONSTRAINT `FK_SWIMLANE_EXEC` FOREIGN KEY (`EXECUTION_`) REFERENCES `jbpm4_execution` (`DBID_`)
) ENGINE=InnoDB DEFAULT CHARSET=utf8;

#
# Data for table "jbpm4_swimlane"
#


#
# Source for table "jbpm4_task"
#

DROP TABLE IF EXISTS `jbpm4_task`;
CREATE TABLE `jbpm4_task` (
  `DBID_` bigint(20) NOT NULL,
  `CLASS_` char(1) NOT NULL,
  `DBVERSION_` int(11) NOT NULL,
  `NAME_` varchar(255) DEFAULT NULL,
  `DESCR_` longtext,
  `STATE_` varchar(255) DEFAULT NULL,
  `SUSPHISTSTATE_` varchar(255) DEFAULT NULL,
  `ASSIGNEE_` varchar(255) DEFAULT NULL,
  `FORM_` varchar(255) DEFAULT NULL,
  `PRIORITY_` int(11) DEFAULT NULL,
  `CREATE_` datetime DEFAULT NULL,
  `DUEDATE_` datetime DEFAULT NULL,
  `PROGRESS_` int(11) DEFAULT NULL,
  `SIGNALLING_` bit(1) DEFAULT NULL,
  `EXECUTION_ID_` varchar(255) DEFAULT NULL,
  `ACTIVITY_NAME_` varchar(255) DEFAULT NULL,
  `HASVARS_` bit(1) DEFAULT NULL,
  `SUPERTASK_` bigint(20) DEFAULT NULL,
  `EXECUTION_` bigint(20) DEFAULT NULL,
  `PROCINST_` bigint(20) DEFAULT NULL,
  `SWIMLANE_` bigint(20) DEFAULT NULL,
  `TASKDEFNAME_` varchar(255) DEFAULT NULL,
  PRIMARY KEY (`DBID_`),
  KEY `FK_TASK_SWIML` (`SWIMLANE_`),
  KEY `FK_TASK_SUPERTASK` (`SUPERTASK_`),
  KEY `IDX_TASK_SUPERTASK` (`SUPERTASK_`),
  CONSTRAINT `FK_TASK_SUPERTASK` FOREIGN KEY (`SUPERTASK_`) REFERENCES `jbpm4_task` (`DBID_`),
  CONSTRAINT `FK_TASK_SWIML` FOREIGN KEY (`SWIMLANE_`) REFERENCES `jbpm4_swimlane` (`DBID_`)
) ENGINE=InnoDB DEFAULT CHARSET=utf8;

#
# Data for table "jbpm4_task"
#


#
# Source for table "jbpm4_participation"
#

DROP TABLE IF EXISTS `jbpm4_participation`;
CREATE TABLE `jbpm4_participation` (
  `DBID_` bigint(20) NOT NULL,
  `DBVERSION_` int(11) NOT NULL,
  `GROUPID_` varchar(255) DEFAULT NULL,
  `USERID_` varchar(255) DEFAULT NULL,
  `TYPE_` varchar(255) DEFAULT NULL,
  `TASK_` bigint(20) DEFAULT NULL,
  `SWIMLANE_` bigint(20) DEFAULT NULL,
  PRIMARY KEY (`DBID_`),
  KEY `FK_PART_SWIMLANE` (`SWIMLANE_`),
  KEY `FK_PART_TASK` (`TASK_`),
  KEY `IDX_PART_TASK` (`TASK_`),
  CONSTRAINT `FK_PART_SWIMLANE` FOREIGN KEY (`SWIMLANE_`) REFERENCES `jbpm4_swimlane` (`DBID_`),
  CONSTRAINT `FK_PART_TASK` FOREIGN KEY (`TASK_`) REFERENCES `jbpm4_task` (`DBID_`)
) ENGINE=InnoDB DEFAULT CHARSET=utf8;

#
# Data for table "jbpm4_participation"
#


#
# Source for table "jbpm4_variable"
#

DROP TABLE IF EXISTS `jbpm4_variable`;
CREATE TABLE `jbpm4_variable` (
  `DBID_` bigint(20) NOT NULL,
  `CLASS_` varchar(255) NOT NULL,
  `DBVERSION_` int(11) NOT NULL,
  `KEY_` varchar(255) DEFAULT NULL,
  `CONVERTER_` varchar(255) DEFAULT NULL,
  `HIST_` bit(1) DEFAULT NULL,
  `EXECUTION_` bigint(20) DEFAULT NULL,
  `TASK_` bigint(20) DEFAULT NULL,
  `LOB_` bigint(20) DEFAULT NULL,
  `DATE_VALUE_` datetime DEFAULT NULL,
  `DOUBLE_VALUE_` double DEFAULT NULL,
  `CLASSNAME_` varchar(255) DEFAULT NULL,
  `LONG_VALUE_` bigint(20) DEFAULT NULL,
  `STRING_VALUE_` varchar(255) DEFAULT NULL,
  `TEXT_VALUE_` longtext,
  `EXESYS_` bigint(20) DEFAULT NULL,
  PRIMARY KEY (`DBID_`),
  KEY `FK_VAR_EXESYS` (`EXESYS_`),
  KEY `FK_VAR_LOB` (`LOB_`),
  KEY `FK_VAR_TASK` (`TASK_`),
  KEY `FK_VAR_EXECUTION` (`EXECUTION_`),
  KEY `IDX_VAR_EXESYS` (`EXESYS_`),
  KEY `IDX_VAR_TASK` (`TASK_`),
  KEY `IDX_VAR_EXECUTION` (`EXECUTION_`),
  KEY `IDX_VAR_LOB` (`LOB_`),
  CONSTRAINT `FK_VAR_EXECUTION` FOREIGN KEY (`EXECUTION_`) REFERENCES `jbpm4_execution` (`DBID_`),
  CONSTRAINT `FK_VAR_EXESYS` FOREIGN KEY (`EXESYS_`) REFERENCES `jbpm4_execution` (`DBID_`),
  CONSTRAINT `FK_VAR_LOB` FOREIGN KEY (`LOB_`) REFERENCES `jbpm4_lob` (`DBID_`),
  CONSTRAINT `FK_VAR_TASK` FOREIGN KEY (`TASK_`) REFERENCES `jbpm4_task` (`DBID_`)
) ENGINE=InnoDB DEFAULT CHARSET=utf8;

#
# Data for table "jbpm4_variable"
#

